author_name	author_birth	author_death
åberg, Bengt	1920	2005
åberg, Bengt	1921	2001
Adlersparre, Axel	1763	1838
Adlersparre, Axel	1812	1879
Afzelius, Eric	1698	1762
Afzelius, Eric	1740	1795
Afzelius, Ivar	1848	1921
Afzelius, Ivar	1868	1928
Ahlberg, Ernst	1890	1938
Ahlberg, Ernst	1891	1938
Ahlberg, Karl	1861	1937
Ahlberg, Karl	1875	1951
Ahlqvist, Pehr	1755	1800
Ahlqvist, Pehr	1793	1854
åkerlund, Erik	1853	1932
åkerlund, Erik	1888	1932
åkerlund, Erik	1895	1932
åkerlund, Erik	NA	1932
åkerman, Gustaf	1854	1922
åkerman, Gustaf	1888	1959
åkerman, Gustaf	NA	NA
åkerman, Johan	1784	1852
åkerman, Johan	1896	1982
åkerman, Richard	1688	1729
åkerman, Richard	1837	1922
åkesson, Olof	1885	1963
åkesson, Olof	1909	1991
Alexander	1777	1825
Alexander	1818	1881
Alexander	NA	NA
Alströmer, Jonas	1685	1761
Alströmer, Jonas	1840	1917
Aminoff, Torsten G	1838	1881
Aminoff, Torsten G	1910	1985
Anckarström, Jacob Johan	1729	1777
Anckarström, Jacob Johan	1762	1792
Anderson, Anders	1822	1892
Anderson, Anders	1894	1892
Anderson, Anders	NA	1892
Anderson, Ivar	1891	1980
Anderson, Ivar	1894	1953
Anderson, John	1868	NA
Anderson, John	1885	NA
Anderson, John	1886	NA
Anderson, John	NA	NA
Andersson, Albert	1865	NA
Andersson, Albert	1910	NA
Andersson, Albert	NA	NA
Andersson, Anders	1769	1847
Andersson, Anders	1786	NA
Andersson, Anders	1796	1850
Andersson, Anders	1810	NA
Andersson, Anders	1842	1913
Andersson, Anders	1855	NA
Andersson, Anders	1906	NA
Andersson, Anders	1912	NA
Andersson, Anders	NA	NA
Andersson, Anna	1872	1958
Andersson, Anna	1898	1958
Andersson, Anna	NA	1958
Andersson, Aron	1869	NA
Andersson, Aron	1901	1985
Andersson, Aron	1919	1984
Andersson, Arvid	1873	NA
Andersson, Arvid	1899	NA
Andersson, Arvid	1907	NA
Andersson, Axel	1874	NA
Andersson, Axel	1879	1959
Andersson, Axel	1880	1942
Andersson, Axel	1884	1956
Andersson, Axel	1887	NA
Andersson, Axel	1899	1981
Andersson, Axel	NA	NA
Andersson, Axel Emil	1879	NA
Andersson, Axel Emil	1887	NA
Andersson, Axel Emil	NA	NA
Andersson, Carl	1818	1846
Andersson, Carl	1820	1899
Andersson, Carl	1883	NA
Andersson, Carl	1888	1952
Andersson, Carl	1898	1959
Andersson, Carl	1898	NA
Andersson, Carl	NA	NA
Andersson, Erik	1881	1956
Andersson, Erik	1886	1956
Andersson, Erik	1909	1956
Andersson, Erik	NA	1956
Andersson, Ernst	1876	1978
Andersson, Ernst	1892	1978
Andersson, Ernst	NA	1978
Andersson, Gösta	1909	1994
Andersson, Gösta	1913	1997
Andersson, Gösta	1920	NA
Andersson, Gösta	NA	NA
Andersson, Gunnar	1865	1928
Andersson, Gunnar	1937	1928
Andersson, Gunnar	NA	1928
Andersson, Gustaf	1812	1864
Andersson, Gustaf	1884	1961
Andersson, Gustaf	NA	NA
Andersson, Helge	1894	1949
Andersson, Helge	1923	1997
Andersson, Helge	NA	NA
Andersson, Johan	1729	1802
Andersson, Johan	1774	1831
Andersson, Johan	1820	1894
Andersson, Johan	1897	1968
Andersson, Johan	NA	NA
Andersson, John	1868	1967
Andersson, John	1886	1967
Andersson, John	1905	1967
Andersson, John	NA	1967
Andersson, Karl	1874	1940
Andersson, Karl	1914	1940
Andersson, Karl	NA	1940
Andersson, Nils	1864	1921
Andersson, Nils	1891	1974
Andersson, Nils	1891	NA
Andersson, Nils	1917	NA
Andersson, Nils	NA	NA
Andersson, Olof	1746	1806
Andersson, Olof	1765	1836
Andersson, Olof	1912	NA
Andersson, Olof	NA	1802
Andersson, Oskar	1813	1866
Andersson, Oskar	1877	1906
Andersson, Oskar	1903	NA
Andersson, Oskar	NA	NA
Andersson, Otto	1879	1969
Andersson, Otto	1898	1979
Andersson, Otto	1898	1983
Andersson, Otto	NA	NA
Andersson, Paul	1909	1976
Andersson, Paul	1930	1976
Andersson, Ragnar	1917	NA
Andersson, Ragnar	1943	NA
Andersson, Ragnar	NA	NA
Andersson, Robert	1887	NA
Andersson, Robert	1900	NA
Andersson, Robert	NA	NA
Andersson, Sven	1909	NA
Andersson, Sven	1910	1987
Andersson, Sven	1922	NA
Andersson, Sven	1925	NA
Andersson, Sven	1940	1942
Andersson, Sven	NA	NA
Andréasson, Rune	1920	1999
Andréasson, Rune	1925	1999
Andrén, Olof	1891	1983
Andrén, Olof	1916	1983
Andrén, Victor	1856	1930
Andrén, Victor	1887	1930
ångström, Anders	1814	1874
ångström, Anders	1888	1981
Anjou, Nils Jacob	1781	1851
Anjou, Nils Jacob	1869	1851
Anrep, Axel	1835	1897
Anrep, Axel	1937	1897
Antoni, Fride	1886	1938
Antoni, Fride	1919	1938
Antoni, Fride	NA	1938
Anzelius, Adolf	1796	1801
Anzelius, Adolf	1894	1979
Arbman, Ernst	1818	1896
Arbman, Ernst	1891	1959
Arbman, Ernst	NA	NA
Arnell, Lars	1689	1742
Arnell, Lars	1781	1856
Arosenius, Edvard	1865	NA
Arosenius, Edvard	1867	NA
Arrhenius, Olof	1797	1878
Arrhenius, Olof	1895	1977
Aurivillius, Carl	1717	1786
Aurivillius, Carl	1854	1899
Aurivillius, Magnus	1673	1740
Aurivillius, Magnus	1892	1928
Baazius, Johannes	1581	1649
Baazius, Johannes	1626	1681
Backlund, Sven	1889	1953
Backlund, Sven	1917	1997
Backlund, Sven	NA	NA
Backman, Daniel	1732	1784
Backman, Daniel	1769	1834
Backman, Gustaf	1789	NA
Backman, Gustaf	1879	NA
Bagge, Fredrik	1646	1713
Bagge, Fredrik	1676	1762
Båld, Anders	1679	1751
Båld, Anders	1720	1780
Bång, Petrus	1633	1696
Bång, Petrus	1716	1786
Bauer, Walter	1877	1960
Bauer, Walter	1904	1976
Bauer, Walter	1912	1994
Bauer, Walter	NA	NA
Bengtsson, Bengt	1910	1981
Bengtsson, Bengt	1938	1981
Bengtsson, Bengt	NA	1981
Benzelius, Erik	1632	1709
Benzelius, Erik	1675	1743
Benzelstierna, Lars	1680	1755
Benzelstierna, Lars	1719	1800
Berch, Anders	1711	1774
Berch, Anders	1736	1770
Berg, Alfred	1838	1900
Berg, Alfred	1857	1929
Berg, Alfred	NA	NA
Berg, Erik	1897	1980
Berg, Erik	1908	1980
Berg, Erik	NA	1980
Berg, Gunnar	1888	1965
Berg, Gunnar	1905	1965
Berg, Gunnar	1906	1965
Berg, Gunnar	NA	1965
Berg, Gustaf	1873	1947
Berg, Gustaf	1877	1947
Berg, Gustaf	NA	1947
Berg, John	1851	1931
Berg, John	1887	1950
Berg, John	NA	NA
Berg, Yngve	1887	1963
Berg, Yngve	1910	1991
Berglund, August	1863	1939
Berglund, August	1863	NA
Berglund, August	1887	1954
Berglund, August	NA	NA
Berglund, Emil	1846	1887
Berglund, Emil	1873	1950
Berglund, Emil	NA	NA
Berglund, Erik	1887	1963
Berglund, Erik	1924	1963
Berglund, Helge	1889	1971
Berglund, Helge	1907	1980
Bergman, Carl	1734	1804
Bergman, Carl	1878	1921
Bergman, Carl	NA	NA
Bergman, Johan	1705	1788
Bergman, Johan	1864	1951
Bergman, Johan	NA	NA
Bergman, Nils	1867	NA
Bergman, Nils	1908	NA
Bergman, Sten	1895	1975
Bergman, Sten	1929	1975
Bergman, Sten	NA	1975
Bergman, Sven	1904	1961
Bergman, Sven	1922	1995
Bergman, Sven	NA	NA
Bergsten, Erik	1747	1809
Bergsten, Erik	1822	1869
Bergsten, Erik	1854	1921
Bergsten, Erik	1869	NA
Bergsten, Karl Erik	1889	1980
Bergsten, Karl Erik	1909	1990
Bergsten, Karl Erik	NA	NA
Berndtson, Gunnar	1854	1895
Berndtson, Gunnar	1889	1954
Bexell, Carl Emanuel	1786	1873
Bexell, Carl Emanuel	1788	1873
Bexell, Carl Emanuel	NA	1873
Bildt, Carl	1704	1759
Bildt, Carl	1850	1931
Bildt, Knut Reinhold	1702	1751
Bildt, Knut Reinhold	1751	1818
Bjerkén, Pehr Af	1731	1774
Bjerkén, Pehr Af	1859	1919
Björkman, Gunnar	1892	1973
Björkman, Gunnar	1898	1973
Björkman, Gunnar	NA	1973
Björkman, Gustav	1889	NA
Björkman, Gustav	1894	NA
Blix, Magnus	1743	1805
Blix, Magnus	1849	1904
Blix, Magnus	NA	NA
Blomberg, Anton	1840	1903
Blomberg, Anton	1862	1936
Blomberg, Erik	1779	1840
Blomberg, Erik	1869	NA
Blomberg, Erik	1894	1965
Blomberg, Erik	NA	NA
Blomqvist, John	1840	1930
Blomqvist, John	1883	1952
Boëthius, Daniel	1751	1810
Boëthius, Daniel	1873	1940
Bohman, Johan	1708	1791
Bohman, Johan	1790	1842
Boman, Erik	1885	1987
Boman, Erik	1906	1987
Borg, Anders	1712	1753
Borg, Anders	1749	1809
Borg, Anders	1845	1929
Borg, Erik	1880	1967
Borg, Erik	1903	1982
Borgström, Gustaf	1830	1915
Borgström, Gustaf	1903	1915
Borgström, Gustaf	NA	1915
Börjeson, John	1835	1910
Börjeson, John	1855	1910
Börjeson, John	NA	1910
Brahe, Per	1520	1590
Brahe, Per	1602	1680
Brandell, Simon	1822	1895
Brandell, Simon	1860	1925
Brander, Uno	1727	1810
Brander, Uno	1888	1927
Brandt, Carl	1871	1944
Brandt, Carl	1880	1944
Bratt, John	1867	1933
Bratt, John	1893	1986
Bratt, John	NA	NA
Breant, Johan	1697	1763
Breant, Johan	1725	1766
Brisman, Sven	1752	1826
Brisman, Sven	1881	1953
Broocman, Carl Ulric	1782	1812
Broocman, Carl Ulric	1783	1812
Broomé, Gustaf	1786	1865
Broomé, Gustaf	1786	NA
Broomé, Gustaf	1824	1894
Broomé, Gustaf	1858	1917
Broomé, Gustaf	NA	NA
Bruhn, Sven	1669	1748
Bruhn, Sven	1751	1821
Brunnmark, Gustaf	1726	1780
Brunnmark, Gustaf	1773	1814
Bucht, Ernst Torsten Axel	1893	1969
Bucht, Ernst Torsten Axel	1896	1969
Bull, Edvard	1881	1932
Bull, Edvard	1914	1986
Busch, Oscar	1844	1916
Busch, Oscar	1868	1945
Calonius, Matthias	1737	1817
Calonius, Matthias	1738	1817
Camitz, Curt	1888	NA
Camitz, Curt	1915	NA
Carlquist, Gunnar	1860	1936
Carlquist, Gunnar	1889	1963
Carlsson, Anders Johan	1786	1829
Carlsson, Anders Johan	1788	1829
Carlsson, Anders Johan	NA	1829
Carlsson, Carl Edvard	1856	NA
Carlsson, Carl Edvard	1868	NA
Carlsson, Carl Edvard	NA	NA
Carlsson, Gottfrid	1887	1964
Carlsson, Gottfrid	1907	1986
Carlsson, Gottfrid	NA	NA
Carlsson, Gunnar	1894	1982
Carlsson, Gunnar	1900	1982
Carlsson, Gunnar	NA	1982
Carlsson, Olof	1872	NA
Carlsson, Olof	1908	NA
Carlsson, Olof	NA	NA
Cederschiöld, Maria	1815	1892
Cederschiöld, Maria	1856	1935
Cederström, Anders	1729	1793
Cederström, Anders	1778	1832
Cederström, Anders	NA	NA
Cederström, Gustaf	1727	1773
Cederström, Gustaf	1845	1933
Cederström, Gustaf	NA	NA
Cederström, Rudolf	1816	1908
Cederström, Rudolf	1876	1944
Celsius, Olof	1670	1756
Celsius, Olof	1716	1794
Clason, Sam	1867	1925
Clason, Sam	1896	1946
Clason, Sam	NA	NA
Clemens	1649	1721
Clemens	1705	1774
Colliander, Erland	1718	1793
Colliander, Erland	1760	1824
Colliander, Erland	NA	NA
Collin, Esaias	1784	1849
Collin, Esaias	1866	1906
Corelli, Marie	1855	1924
Corelli, Marie	1864	1924
Corelli, Marie	NA	1924
Courths-mahler, Hedwig	1867	1950
Courths-mahler, Hedwig	1876	1950
Coyet, Wilhelm Julius	1647	1709
Coyet, Wilhelm Julius	1719	1779
Cronander, August Waldemar	1838	1925
Cronander, August Waldemar	1845	1911
Cronander, August Waldemar	NA	NA
Dahl, Gustaf	1859	1935
Dahl, Gustaf	1874	1960
Dahl, Gustaf	1877	1960
Dahl, Gustaf	1890	1992
Dahlberg, Ivar	1890	1959
Dahlberg, Ivar	1907	1983
Dahlberg, Ivar	NA	NA
Dahlberg, Nils	1736	1820
Dahlberg, Nils	1894	1973
Danielsson, Axel	1863	1899
Danielsson, Axel	1890	1969
Danielsson, Axel	NA	NA
De Geer, Gerard	1858	1943
De Geer, Gerard	1889	1980
De Geer, Gerard	NA	NA
De Geer, Louis	1587	1652
De Geer, Louis	1705	1758
De Geer, Louis	1818	1896
De Geer, Louis	1854	1935
Dennemark, Sigurd	1891	1965
Dennemark, Sigurd	1911	1965
Dennemark, Sigurd	NA	1965
Dickson, Charles	1814	1902
Dickson, Charles	1876	1902
Dickson, Charles	NA	1902
Du Moulin, Pierre	1568	1658
Du Moulin, Pierre	1601	1684
Düben, Gustaf Von	1736	1811
Düben, Gustaf Von	1822	1892
Dumas, Alexandre	1802	1870
Dumas, Alexandre	1824	1895
Dumas, Alexandre	NA	NA
Ehrensvärd, Carl August	1745	1800
Ehrensvärd, Carl August	1892	1974
Ek, Jacob	1744	1827
Ek, Jacob	1774	1827
Ek, Johan Gustaf	1808	1862
Ek, Johan Gustaf	1810	1862
Ekelund, Daniel	1732	1785
Ekelund, Daniel	1793	1879
Eklund, Harald	1901	1960
Eklund, Harald	1924	2015
Eklund, Ragnar	1906	1987
Eklund, Ragnar	1909	1987
Ekman, Gösta	1890	1938
Ekman, Gösta	1920	1971
Ekman, Gustaf	1804	1876
Ekman, Gustaf	1852	1930
Ekman, Gustaf	1872	1959
Ekman, Gustaf	1873	NA
Ekman, Gustaf	NA	NA
Ekman, Karl	1886	1944
Ekman, Karl	1895	1962
Ekman, Karl	1895	NA
Ekman, Karl	NA	NA
Ekström, Arthur	1860	1991
Ekström, Arthur	1899	1991
Ekström, Arthur	NA	1991
Ekström, Gunnar	1857	1950
Ekström, Gunnar	1859	1950
Ekström, Gunnar	1891	1961
Ekström, Gunnar	1893	1990
Ekström, Gunnar	NA	NA
Ekström, Ragnar	1909	1995
Ekström, Ragnar	1910	1995
Elfstrand, Daniel	1845	1945
Elfstrand, Daniel	1858	1945
Elfstrand, Daniel	1858	1985
Elfstrand, Daniel	NA	NA
Elster, Kristian	1841	1881
Elster, Kristian	1881	1947
Elster, Kristian	NA	NA
Elvius, Pehr	1660	1718
Elvius, Pehr	1710	1749
Englund, Nils	1856	1924
Englund, Nils	1906	1945
Englund, Nils	1907	1995
Engström, Lars Magnus	1858	1911
Engström, Lars Magnus	1867	1951
Engström, Lars Magnus	NA	NA
Erdmann, Axel	1814	1869
Erdmann, Axel	1843	1926
Ericson, Nils	1802	1870
Ericson, Nils	1964	1870
Ericson, Nils	NA	1870
Ericson, Tore	1870	NA
Ericson, Tore	1940	NA
Ericsson, Eric	1834	1913
Ericsson, Eric	1893	1962
Ericsson, Eric	NA	NA
Ericsson, John	1803	1889
Ericsson, John	1898	1889
Ericsson, John	1922	1889
Ericsson, John	NA	1889
Eriksson, Allan	1911	1993
Eriksson, Allan	1916	1963
Eriksson, Anders	1868	1917
Eriksson, Anders	1880	1938
Eriksson, Anders	1880	NA
Eriksson, Anders	NA	NA
Eriksson, Erik	1859	1932
Eriksson, Erik	1873	1932
Eriksson, Erik	1891	1932
Eriksson, Erik	NA	1932
Eriksson, Johan	1862	1938
Eriksson, Johan	1880	1938
Eriksson, Johan	NA	1938
Eriksson, Karl	1878	NA
Eriksson, Karl	1892	NA
Eriksson, Karl	1909	NA
Eriksson, Karl	NA	NA
Eriksson, Olof	1868	1966
Eriksson, Olof	1878	1962
Eriksson, Olof	NA	NA
Eriksson, Sigurd	1889	1948
Eriksson, Sigurd	1910	1948
Erlandsson, Elis	1872	1951
Erlandsson, Elis	1884	1965
Esberg, Zacharias	1666	1708
Esberg, Zacharias	1691	1734
Eugénie	1826	1920
Eugénie	1830	1889
Fagerholm, Erik	1883	1944
Fagerholm, Erik	1947	1944
Fagerholm, Erik	NA	1944
Falk, Erik	1873	1944
Falk, Erik	1875	1952
Falk, Erik	1875	NA
Falk, Erik	NA	NA
Falk, Hjalmar	1859	1928
Falk, Hjalmar	1877	1940
Falk, Hjalmar	1896	1977
Falkenberg, Melcher	1677	1716
Falkenberg, Melcher	1722	1795
Fant, Gunnar	1879	1967
Fant, Gunnar	1919	2009
Fehrman, Carl	1840	1898
Fehrman, Carl	1915	2010
Feilitzen, Otto Von	1820	1889
Feilitzen, Otto Von	1856	1911
Fersen, Axel Von	1719	1794
Fersen, Axel Von	1755	1810
Fischer, Ernst	1890	1980
Fischer, Ernst	1899	1972
Fischer, Ernst	1900	1975
Flensburg, Wilhelm	1695	1775
Flensburg, Wilhelm	1819	1897
Flensburg, Wilhelm	NA	NA
Flodman, Anders	1723	1779
Flodman, Anders	1835	1884
Forsberg, Sven	1910	NA
Forsberg, Sven	1912	NA
Forsberg, Sven	NA	NA
Forssell, Nils	1889	1969
Forssell, Nils	1899	1969
Forssell, Nils	NA	1969
Francke, August Hermann	1663	1727
Francke, August Hermann	1870	1930
Francke, August Hermann	NA	NA
Franzén, Frans Waldemar	1877	NA
Franzén, Frans Waldemar	1917	NA
Fredrik	1676	1751
Fredrik	1712	1786
Fredrik	1768	1839
Fredrik	NA	NA
Fries, Martin	1727	1797
Fries, Martin	1898	1969
Fryxell, Fredrik	1724	1805
Fryxell, Fredrik	1804	1839
Fryxell, Fredrik	NA	NA
Geete, Erik	1587	1651
Geete, Erik	1881	1952
Geijer, Bengt Johan	1837	1907
Geijer, Bengt Johan	1907	NA
Geijer, Gustaf Reinhold	1847	1924
Geijer, Gustaf Reinhold	1872	1924
Geijer, Gustaf Reinhold	NA	1924
Geijerstam, Emanuel Af	1730	1788
Geijerstam, Emanuel Af	1867	1928
Geijerstam, Karl Af	1860	1899
Geijerstam, Karl Af	1878	1955
Georg	1660	1727
Georg	1683	1760
Gezelius, Johannes	1615	1690
Gezelius, Johannes	1647	1718
Göransson, Johan	1712	1769
Göransson, Johan	1860	1769
Göransson, Johan	NA	1769
Gosselman, Carl August	1799	1843
Gosselman, Carl August	1831	1893
Gosselman, Carl August	NA	NA
Gother, Engelbert	1708	1775
Gother, Engelbert	1793	1833
Graan, Olaus Stephani	1620	1689
Graan, Olaus Stephani	1690	1689
Grafström, Anders	1790	1870
Grafström, Anders	1909	1979
Grill, Claes	1705	1767
Grill, Claes	1851	1919
Grill, Claes	1896	1978
Grill, Claes	NA	NA
Grönwall, Anders	1671	1758
Grönwall, Anders	1912	1989
Gullberg, Hjalmar	1847	1923
Gullberg, Hjalmar	1898	1961
Gunnarsson, Gunnar	1888	NA
Gunnarsson, Gunnar	1889	1975
Gunnarsson, Gunnar	1899	1987
Gunter, Archibald Clavering	1847	1907
Gunter, Archibald Clavering	1849	1907
Gunter, Archibald Clavering	NA	1907
Gustafsson, Karl	1868	NA
Gustafsson, Karl	1873	NA
Gustav	1496	1560
Gustav	1594	1632
Gustav	1746	1792
Gustav	1778	1837
Gustav	1858	1950
Gustav	1882	1973
Gyllenhaal, Lars Herman	1757	1830
Gyllenhaal, Lars Herman	1790	1858
Gyllenkrok, Axel	1664	1730
Gyllenkrok, Axel	1888	1946
Gyllenkrok, Axel	1910	2002
Gynther, Sven Wilhelm	1796	1873
Gynther, Sven Wilhelm	1797	1873
Gynther, Sven Wilhelm	NA	1873
Haartman, Johan	1682	1737
Haartman, Johan	1725	1787
Hadorph, Johan	1630	1693
Hadorph, Johan	1665	1695
Hagberg, Theodor	1825	1893
Hagberg, Theodor	1874	1936
Hagberg, Theodor	NA	NA
Hagerup, Eiler	1685	1743
Hagerup, Eiler	1718	1789
Hagerup, Eiler	NA	NA
Haglund, Gustaf	1838	1900
Haglund, Gustaf	1905	1900
Haglund, Gustaf	NA	1900
Hahr, August	1802	1885
Hahr, August	1868	1947
Hahr, August	NA	NA
Hallén, Lars	1868	1951
Hallén, Lars	1888	1985
Hallén, Lars	1888	NA
Hammar, Hans Birger	1814	1862
Hammar, Hans Birger	1862	NA
Hammar, Hans Birger	NA	1862
Hammarsten, Olof	1841	1932
Hammarsten, Olof	1886	1958
Hammarsten, Olof	NA	NA
Hansson, Nils	1830	1919
Hansson, Nils	1867	1945
Hansson, Nils	1867	NA
Hansson, Nils	1915	1993
Hansson, Nils	NA	NA
Harris, John	1802	1856
Harris, John	1916	1991
Hasselrot, Per	1875	1949
Hasselrot, Per	1884	1938
Hauser, Otto	1874	1932
Hauser, Otto	1876	1944
Hedberg, Arvid	1867	1953
Hedberg, Arvid	1872	1949
Hedberg, John	1840	1916
Hedberg, John	1854	1916
Hedberg, John	1905	1990
Hedberg, Nils	1871	1937
Hedberg, Nils	1903	1965
Hedenius, Per	1828	1896
Hedenius, Per	1906	1981
Hedman, Abraham	1699	1766
Hedman, Abraham	1734	1788
Hedman, Abraham	NA	NA
Heiberg, Johan Ludvig	1791	1860
Heiberg, Johan Ludvig	1854	1928
Heijkenskjöld, Detlof	1707	1775
Heijkenskjöld, Detlof	1751	1824
Helgason, Jón	1866	1942
Helgason, Jón	1899	1986
Helgason, Jón	NA	NA
Hellberg, Johan	1765	1821
Hellberg, Johan	1873	1821
Hellström, Carl	1891	1942
Hellström, Carl	1892	1932
Hellström, Carl	NA	NA
Hermelin, Olof	1658	1709
Hermelin, Olof	1827	1913
Hermelin, Olof	NA	NA
Hermonius, Michael	1680	1749
Hermonius, Michael	1724	1758
Hesselius, Andreas	1677	1733
Hesselius, Andreas	1714	1762
Heurgren, Paul Gerhard	1864	1928
Heurgren, Paul Gerhard	1886	1966
Heurgren, Paul Gerhard	NA	NA
Hildebrand, Bror Emil	1806	1884
Hildebrand, Bror Emil	1907	1884
Hildebrand, Bror Emil	NA	1884
Hilleström, Pehr	1732	1816
Hilleström, Pehr	1743	1816
Hjärne, Harald	1801	1885
Hjärne, Harald	1848	1922
Hjorth, Ragnar	1887	1971
Hjorth, Ragnar	1910	1988
Hofsten, Bengt Von	1689	1752
Hofsten, Bengt Von	1747	1826
Hofsten, Bengt Von	NA	NA
Högnäs, Sven-olof	1810	1961
Högnäs, Sven-olof	1910	1961
Högnäs, Sven-olof	NA	1961
Holm, åke	1909	1989
Holm, åke	1912	1989
Holm, Axel	1862	NA
Holm, Axel	1914	NA
Holm, Axel	NA	NA
Holm, Erik	1878	1945
Holm, Erik	1882	1945
Holm, Erik	NA	1945
Holmberg, åke	1907	1991
Holmberg, åke	1915	NA
Holmberg, åke	1919	2001
Holmberg, åke	NA	NA
Holmberg, C E	1833	1889
Holmberg, C E	1873	1967
Holmberg, Einar	1878	1975
Holmberg, Einar	1895	1975
Holmberg, Einar	1919	1975
Holmberg, John	1869	NA
Holmberg, John	1886	NA
Holmberg, John	NA	NA
Holmberg, Olof	1727	1793
Holmberg, Olof	1871	1948
Holmberg, Olof	1874	NA
Holmbergson, Johan	1764	1842
Holmbergson, Johan	1804	1835
Holmgren, Anders	1864	1917
Holmgren, Anders	1874	1917
Holmgren, Anders	NA	1917
Holmgren, Frithiof	1831	1897
Holmgren, Frithiof	1884	1965
Holmgren, Nils	1877	1954
Holmgren, Nils	1879	1957
Holmgren, Nils	NA	NA
Horn, Clas Fredric	1763	1823
Horn, Clas Fredric	1791	1865
Horrn, Johan Laurentius	1683	1741
Horrn, Johan Laurentius	1726	1801
Hult, Karl	1851	1922
Hult, Karl	1884	1976
Hult, Karl	NA	NA
Humbla, Philibert	1814	1891
Humbla, Philibert	1896	1952
Hunter, John	1737	1821
Hunter, John	1903	1980
Hwasser, Daniel	1785	1816
Hwasser, Daniel	1817	1871
Hylander, Fride	1819	1898
Hylander, Fride	1898	1988
Hylander, Fride	NA	NA
Hylander, Nils	1861	1929
Hylander, Nils	1904	1970
Hyltén-cavallius, Gunnar	1858	1926
Hyltén-cavallius, Gunnar	1915	2013
Idman, Nils	1680	1750
Idman, Nils	1716	1790
Idman, Nils	NA	NA
Ingvar, Sven	1889	NA
Ingvar, Sven	1919	NA
Ingvar, Sven	NA	NA
Jacobsson, Gunnar	1916	1991
Jacobsson, Gunnar	1918	2001
Jacobsson, Nils	1873	1950
Jacobsson, Nils	1904	1970
Jacobsson, Nils	NA	NA
Jakobsson, Oskar	1885	NA
Jakobsson, Oskar	1909	NA
Jansson, Erik	1808	1850
Jansson, Erik	1885	1971
Jansson, Erik	NA	NA
Jansson, Martin	1868	1953
Jansson, Martin	1903	1994
Jansson, Martin	NA	NA
Johan	1589	1618
Johan	1604	1656
Johan	NA	NA
Johanson, Bertil	1896	1970
Johanson, Bertil	1916	1970
Johansson, Adolf	1889	1934
Johansson, Adolf	1892	1934
Johansson, Adolf	NA	1934
Johansson, Albert	1888	1965
Johansson, Albert	1899	1965
Johansson, Albert	NA	1965
Johansson, Albin	1886	1968
Johansson, Albin	1889	1968
Johansson, Anton	1858	NA
Johansson, Anton	1888	NA
Johansson, Anton	NA	NA
Johansson, Arthur	1876	1993
Johansson, Arthur	1897	1993
Johansson, Arthur	1912	1993
Johansson, Arthur	NA	1993
Johansson, August	1853	NA
Johansson, August	1871	NA
Johansson, August	NA	NA
Johansson, Axel	1868	1948
Johansson, Axel	1873	NA
Johansson, Axel	1878	NA
Johansson, Axel	1883	NA
Johansson, Axel	1887	1964
Johansson, Axel	1891	NA
Johansson, Axel	1901	NA
Johansson, Axel	1909	NA
Johansson, Axel	NA	NA
Johansson, Bertil	1911	NA
Johansson, Bertil	1914	NA
Johansson, Bertil	1918	NA
Johansson, Bertil	NA	NA
Johansson, Carl August	1866	1947
Johansson, Carl August	1896	1947
Johansson, Carl August	NA	1947
Johansson, David	1897	1965
Johansson, David	1900	1965
Johansson, David	NA	1965
Johansson, Erik	1812	NA
Johansson, Erik	1867	NA
Johansson, Erik	1907	NA
Johansson, Erik	NA	NA
Johansson, Folke	1902	NA
Johansson, Folke	1915	NA
Johansson, Folke	NA	NA
Johansson, Frans August	1810	1910
Johansson, Frans August	1864	1939
Johansson, Gösta	1901	1990
Johansson, Gösta	1911	1990
Johansson, Gösta	NA	1990
Johansson, Gunnar	1900	NA
Johansson, Gunnar	1903	1942
Johansson, Gunnar	1906	NA
Johansson, Gunnar	1910	NA
Johansson, Gunnar	1911	1998
Johansson, Gunnar	NA	NA
Johansson, Gustaf	1844	1930
Johansson, Gustaf	1889	1947
Johansson, Gustaf	1889	NA
Johansson, Gustaf	1891	1925
Johansson, Gustaf	NA	NA
Johansson, Herman	1854	1895
Johansson, Herman	1862	1951
Johansson, Herman	NA	NA
Johansson, Hilding	1915	1994
Johansson, Hilding	1918	1993
Johansson, Hilding	NA	NA
Johansson, Johan	1792	1860
Johansson, Johan	1799	1878
Johansson, Johan	1826	1907
Johansson, Johan	1829	1901
Johansson, Johan	1840	1905
Johansson, Johan	1896	NA
Johansson, Johan	1909	NA
Johansson, Johan	NA	1860
Johansson, Johan	NA	NA
Johansson, Johan Fredrik	1810	1871
Johansson, Johan Fredrik	1834	1871
Johansson, Johannes	1835	1909
Johansson, Johannes	1837	1912
Johansson, Johannes	1861	NA
Johansson, Johannes	1867	1947
Johansson, John	1863	1921
Johansson, John	1890	1921
Johansson, John	NA	1921
Johansson, Karl Erik	1891	2002
Johansson, Karl Erik	1914	2002
Johansson, Karl Erik	NA	2002
Johansson, Nils	1873	1939
Johansson, Nils	1890	1939
Johansson, Nils	1893	1939
Johansson, Nils	NA	1939
Johansson, Oscar	1881	1973
Johansson, Oscar	1889	1973
Johansson, Oscar	NA	1973
Johansson, Sven	1880	1959
Johansson, Sven	1925	1959
Johansson, Sven	NA	1959
Johansson, Viktor	1870	NA
Johansson, Viktor	1892	NA
Johansson, Viktor	NA	NA
Johansson, Yngve	1907	NA
Johansson, Yngve	1910	NA
Johansson, Yngve	NA	NA
Johnson, John	1822	1882
Johnson, John	1855	1901
Johnsson, John	1855	1901
Johnsson, John	1972	1901
Johnsson, John	NA	1901
Jonae, Petrus	1559	1630
Jonae, Petrus	1664	NA
Jonae, Petrus	NA	1667
Jonsson, Eric	1901	1994
Jonsson, Eric	1914	1994
Jonsson, Eric	NA	1994
Kallstenius, Gottfrid	1861	1943
Kallstenius, Gottfrid	1873	1942
Karl	1200	NA
Karl	1316	1378
Karl	1550	1611
Karl	1622	1660
Karl	1655	1697
Karl	1682	1718
Karl	1744	1836
Karl	1748	1818
Karl	1763	1844
Karl	1826	1872
Karl	NA	NA
Karlgren, Anton	1862	1973
Karlgren, Anton	1882	1973
Karlgren, Anton	NA	1973
Karlsson, Erik	1885	NA
Karlsson, Erik	1909	NA
Karlsson, Erik	NA	NA
Karlsson, Gösta	1913	NA
Karlsson, Gösta	1918	NA
Karlsson, Sven	1899	1969
Karlsson, Sven	1919	1969
Karlsson, Sven	NA	1969
Kempe, Johan	1728	1806
Kempe, Johan	1878	1806
Kempe, Johan	NA	1806
Kernell, Per	1728	1821
Kernell, Per	1763	1807
Keyser, Henrik	1640	1699
Keyser, Henrik	1663	1699
Kjellberg, Knut	1867	1921
Kjellberg, Knut	1907	1996
Kjellberg, Lennart	1857	1936
Kjellberg, Lennart	1913	2004
Knöppel, Arvid	1867	1925
Knöppel, Arvid	1892	1970
Knöppel, Arvid	NA	NA
Knöppel, Olof	1893	1970
Knöppel, Olof	1929	1970
Knös, Olof	1683	1748
Knös, Olof	1756	1804
Kolmodin, Olof	1690	1753
Kolmodin, Olof	1766	1838
Koppe, Johann Benjamin	1750	1791
Koppe, Johann Benjamin	1903	1953
Kraemer, Robert Von	1791	1880
Kraemer, Robert Von	1825	1903
Kræmer, Robert Von	1791	1880
Kræmer, Robert Von	1825	1903
Kristian	1577	1648
Kristian	1786	1848
Kristian	NA	NA
Kullberg, Carl	1742	1808
Kullberg, Carl	1815	1897
Lagerberg, Carl	1787	1859
Lagerberg, Carl	1859	1922
Lagerlöf, Erland	1756	1827
Lagerlöf, Erland	1854	1913
Lagerlöf, Erland	1928	2014
Lagerlöf, Erland	NA	NA
Lagerlöf, Nils	1688	1769
Lagerlöf, Nils	1895	1970
Lagerlöf, Nils	NA	NA
Lagerlöf, Sven	1670	1731
Lagerlöf, Sven	1906	1965
Lagus, Wilhelm Gabriel	1786	1859
Lagus, Wilhelm Gabriel	1837	1896
Lampa, Sven	1839	1914
Lampa, Sven	1870	1950
Lampa, Sven	NA	NA
Larson, Gunnar	1885	NA
Larson, Gunnar	1908	NA
Larson, Gunnar	NA	NA
Larsson, Axel	1883	NA
Larsson, Axel	1887	NA
Larsson, Axel	1896	NA
Larsson, Axel	1899	NA
Larsson, Axel	NA	NA
Larsson, Carl	1853	1919
Larsson, Carl	1896	1919
Larsson, Carl	NA	1919
Larsson, Eric	1898	NA
Larsson, Eric	1906	NA
Larsson, Eric	NA	NA
Larsson, Gustaf	1811	NA
Larsson, Gustaf	1857	1917
Larsson, Gustaf	1893	1985
Larsson, Gustaf	NA	NA
Larsson, Johan	1862	1960
Larsson, Johan	1898	1960
Larsson, Johan	NA	1960
Larsson, Karl	1868	1952
Larsson, Karl	1868	1962
Larsson, Karl	1874	NA
Larsson, Karl	NA	NA
Larsson, Oscar	1846	1911
Larsson, Oscar	1880	1979
Larsson, Oscar	1893	1954
Larsson, Robert	1885	1956
Larsson, Robert	1899	1956
Larsson, Robert	NA	1956
Larsson, Sven	1893	1931
Larsson, Sven	1894	1931
Larsson, Sven	NA	1931
Larsson, Tage	1896	1974
Larsson, Tage	1901	1987
Larsson, Tage	1905	NA
Larsson, Tage	1912	NA
Larsson, Yngve	1881	1977
Larsson, Yngve	1917	2014
Larsson, Yngve	NA	NA
Lewenhaupt, Adam	1820	1895
Lewenhaupt, Adam	1861	1944
Lewenhaupt, Charles Emil	1691	1743
Lewenhaupt, Charles Emil	1721	1796
Lewenhaupt, Sten	1819	1877
Lewenhaupt, Sten	1863	1917
Lewenhaupt, Sten	1882	1969
Lewenhaupt, Sten	NA	NA
Lidman, Adam	1849	1933
Lidman, Adam	1858	1941
Lidman, Sven	1882	1960
Lidman, Sven	1911	1992
Lilienberg, Albert	1833	1920
Lilienberg, Albert	1879	1967
Liljevalch, Carl Fredrik	1770	1844
Liljevalch, Carl Fredrik	1796	1870
Lindahl, Edward	1845	1917
Lindahl, Edward	1907	1986
Lindahl, Erik	1717	1793
Lindahl, Erik	1891	1960
Lindahl, Erik	1912	1991
Lindahl, Erik	NA	NA
Lindberg, Carl	1891	NA
Lindberg, Carl	1897	1956
Lindberg, Carl	1903	1973
Lindberg, Carl	NA	NA
Lindberg, Erik	1873	1966
Lindberg, Erik	1900	1956
Lindberg, Erik	1910	NA
Lindberg, Folke	1903	1988
Lindberg, Folke	1906	1935
Lindberg, Gustaf	1841	1928
Lindberg, Gustaf	1869	NA
Lindberg, Gustaf	1883	1938
Lindberg, Gustaf	1887	1961
Lindberg, Gustaf	NA	NA
Lindberg, Olof	1742	1810
Lindberg, Olof	1918	1810
Lindeberg, Gösta	1910	1995
Lindeberg, Gösta	1911	2003
Lindegård, Bengt	1927	1990
Lindegård, Bengt	1929	1990
Lindegård, Bengt	NA	1990
Lindegren, Erik	1910	1968
Lindegren, Erik	1919	1996
Lindegren, Johan	1712	1790
Lindegren, Johan	1842	1908
Linder, Ernst	1838	1868
Linder, Ernst	1868	1943
Linder, Ernst	NA	NA
Lindgren, Erik	1828	1911
Lindgren, Erik	1844	1899
Lindgren, Erik	1891	NA
Lindgren, Erik	1905	NA
Lindgren, Gunnar	1902	1974
Lindgren, Gunnar	1909	NA
Lindgren, Gunnar	1913	NA
Lindgren, Gunnar	1914	2006
Lindgren, Gunnar	NA	NA
Lindgren, Gustaf	1863	1930
Lindgren, Gustaf	1888	NA
Lindgren, Gustaf	1903	1989
Lindgren, Hugo	1874	1945
Lindgren, Hugo	1904	1945
Lindgren, Hugo	NA	1945
Lindgren, John	1844	1920
Lindgren, John	1895	1968
Lindholm, Stig	1914	1985
Lindholm, Stig	1917	1996
Lindman, Arvid	1862	1936
Lindman, Arvid	1883	1936
Lindquist, Bertil	1904	1963
Lindquist, Bertil	1917	1997
Lindqvist, Gunnar	1882	NA
Lindqvist, Gunnar	1929	NA
Lindqvist, Gunnar	NA	NA
Lindqvist, Sven	1913	NA
Lindqvist, Sven	1932	NA
Lindqvist, Sven	NA	NA
Lindroth, Hjalmar	1878	1947
Lindroth, Hjalmar	1893	1979
Lindroth, Hjalmar	NA	NA
Lindskog, Claes	1870	1954
Lindskog, Claes	1901	1985
Lindström, åke	1904	1991
Lindström, åke	1913	1959
Lindström, Albert	1853	1910
Lindström, Albert	1859	1939
Lindström, Albert	NA	NA
Lindström, Arne	1905	1991
Lindström, Arne	1911	1991
Lindström, Erik	1858	1970
Lindström, Erik	1891	1970
Lindström, Erik	NA	1970
Lindström, Gustaf	1829	1901
Lindström, Gustaf	1838	1916
Lindström, Gustaf	1877	1959
Lindström, Gustaf	NA	NA
Lindström, Martin	1894	1975
Lindström, Martin	1904	2000
Lindström, Martin	1905	1980
Lindström, Martin	NA	NA
Linné, Carl Von	1707	1778
Linné, Carl Von	1741	1783
Linnér, Erik	1915	NA
Linnér, Erik	1916	NA
Ljung, Anders	1874	1959
Ljung, Anders	1875	1967
Ljung, Anders	NA	NA
Ljung, Sven	1856	1923
Ljung, Sven	1906	1968
Ljung, Sven	NA	NA
Ljunggren, Gustaf	1823	1905
Ljunggren, Gustaf	1879	1967
Ljunggren, Gustaf	1889	1950
Ljunggren, Gustaf	1894	1980
Ljunggren, Torsten	1897	NA
Ljunggren, Torsten	1910	NA
Löfgren, Erik O	1892	1972
Löfgren, Erik O	1897	1972
Löfgren, Svante	1882	1951
Löfgren, Svante	1918	1951
Löfgren, Sven	1906	1977
Löfgren, Sven	1910	1978
Löfstedt, Einar	1831	1889
Löfstedt, Einar	1880	1955
Lovén, Christian	1835	1904
Lovén, Christian	1841	1924
Lovén, Sven	1809	1895
Lovén, Sven	1875	1948
Löwegren, Georg	1775	1833
Löwegren, Georg	1833	1919
Löwenhielm, Carl Gustaf	1701	1768
Löwenhielm, Carl Gustaf	1790	1858
Ludvig	1601	1643
Ludvig	1638	1715
Ludvig	1754	1793
Ludvig	1755	1824
Lund, David	1657	1729
Lund, David	1885	1924
Lundberg, Birger	1908	1982
Lundberg, Birger	1911	1996
Lundberg, Birger	NA	NA
Lundberg, Erik	1846	1911
Lundberg, Erik	1848	1882
Lundberg, Erik	1889	NA
Lundberg, Erik	1895	1969
Lundberg, Erik	1907	1987
Lundberg, Erik	NA	NA
Lundberg, Gunnar	1892	1943
Lundberg, Gunnar	1900	1943
Lundberg, Gustaf	1882	1961
Lundberg, Gustaf	1901	1961
Lundberg, Gustaf	NA	1961
Lundberg, Hans	1795	1860
Lundberg, Hans	1893	1971
Lundberg, Hans	NA	NA
Lundberg, Oskar	1839	1921
Lundberg, Oskar	1882	1956
Lundberg, Sven	1891	1968
Lundberg, Sven	1892	1968
Lundberg, Sven	NA	1968
Lundblad, Johan	1753	1820
Lundblad, Johan	1797	1859
Lundblad, Sven	1776	1837
Lundblad, Sven	1789	1860
Lundblad, Sven	1861	NA
Lundborg, Matheus	1850	NA
Lundborg, Matheus	1860	NA
Lundborg, Matheus	NA	NA
Lundgren, Gustaf	1850	NA
Lundgren, Gustaf	1893	1954
Lundgren, Gustaf	1905	1986
Lundgren, Gustaf	NA	NA
Lundgren, Herman	1860	1910
Lundgren, Herman	1865	1914
Lundgren, Hjalmar	1867	1934
Lundgren, Hjalmar	1880	1953
Lundgren, Hjalmar	1884	1980
Lundh, Gunnar	1896	1960
Lundh, Gunnar	1898	1960
Lundh, Gunnar	NA	1960
Lundqvist, Birger	1888	2004
Lundqvist, Birger	1916	2004
Lundqvist, Oscar	1884	NA
Lundqvist, Oscar	1892	NA
Lundqvist, Oscar	NA	NA
Lundström, Erik	1720	1777
Lundström, Erik	1882	1970
Lundström, Erik	NA	NA
Lundström, Gösta	1905	1991
Lundström, Gösta	1914	1993
Lundström, Gösta	NA	NA
Magnusson, John	1893	1971
Magnusson, John	1898	1971
Magnusson, Karl	1877	NA
Magnusson, Karl	1900	NA
Magnusson, Karl	NA	NA
Malmberg, Bertil	1889	1958
Malmberg, Bertil	1913	1994
Malmberg, Harald	1879	1948
Malmberg, Harald	1883	1971
Malmberg, Nils	1796	1852
Malmberg, Nils	1890	1987
Malmsten, Carl	1814	1886
Malmsten, Carl	1888	1972
Månsson, Erik	1893	2001
Månsson, Erik	1908	2001
Månsson, Erik	NA	2001
Månsson, Nils	1776	1837
Månsson, Nils	1831	1916
Månsson, Nils	NA	NA
Maria	1875	1938
Maria	1890	1958
Maria	NA	NA
Martin, Carl Roland	1770	1836
Martin, Carl Roland	1787	1863
Martin, Carl Roland	1843	1925
Martin, Roland	1726	1788
Martin, Roland	1841	1894
Martinius, Martinus	1600	1661
Martinius, Martinus	1614	1661
Mebius, Clas Albert	1854	NA
Mebius, Clas Albert	1899	NA
Mentzer, Balthasar	1565	1627
Mentzer, Balthasar	1614	1679
Mentzer, Balthasar	1679	1741
Meyer, Ernst	1854	1914
Meyer, Ernst	1857	1943
Meyer, Ernst	NA	NA
Moberg, Arvid	1885	1949
Moberg, Arvid	1900	1986
Moberger, Arvid	1801	1882
Moberger, Arvid	1885	1882
Moberger, Arvid	NA	1882
Möller, Axel	1830	1896
Möller, Axel	1871	1896
Möllerström, Jakob	1879	1971
Möllerström, Jakob	1894	1971
Montgomery-cederhielm, Robert	1820	1888
Montgomery-cederhielm, Robert	1851	1932
Moore, George	1797	1811
Moore, George	1852	1933
Morén, John	1854	1932
Morén, John	1871	1944
Müller, Erik	1866	1923
Müller, Erik	1915	2003
Müller, Heinrich	1631	1675
Müller, Heinrich	1766	1833
Müller, Johannes	1801	1858
Müller, Johannes	1864	1858
Müller, Johannes	NA	1858
Munktell, Henrik	1841	1906
Munktell, Henrik	1903	1962
Munktell, Henrik	1903	NA
Munktell, Henrik	NA	NA
Murray, Robert	1846	1932
Murray, Robert	1908	2000
Nathorst-böös, Ernst	1891	1988
Nathorst-böös, Ernst	1918	1988
Neander, Gustaf	1874	1941
Neander, Gustaf	1877	1941
Neander, Gustaf	NA	1941
Nerman, Einar	1865	1940
Nerman, Einar	1888	1983
Nerman, Einar	NA	NA
Nilsson, Albert	1860	1906
Nilsson, Albert	1878	1936
Nilsson, Albert	NA	NA
Nilsson, Alvar	1897	1995
Nilsson, Alvar	1909	1995
Nilsson, Anders	1752	1835
Nilsson, Anders	1844	1936
Nilsson, Anders	1899	1985
Nilsson, Anders	NA	NA
Nilsson, Anton	1885	1993
Nilsson, Anton	1906	1993
Nilsson, Arvid	1897	NA
Nilsson, Arvid	1899	NA
Nilsson, Arvid	NA	NA
Nilsson, Axel	1872	1924
Nilsson, Axel	1909	1985
Nilsson, Axel	NA	NA
Nilsson, Christina	1843	1921
Nilsson, Christina	1876	1962
Nilsson, Eric	1905	NA
Nilsson, Eric	1915	NA
Nilsson, Eric	NA	NA
Nilsson, Erik	1889	1970
Nilsson, Erik	1894	1970
Nilsson, Erik	1916	1970
Nilsson, Erik	NA	1970
Nilsson, Ernst	1874	1946
Nilsson, Ernst	1895	1986
Nilsson, Ernst	NA	NA
Nilsson, Frans	1896	1979
Nilsson, Frans	1915	1989
Nilsson, Frans	NA	NA
Nilsson, Gunnar	1880	1970
Nilsson, Gunnar	1903	1970
Nilsson, Gunnar	1909	1970
Nilsson, Gunnar	NA	1970
Nilsson, Gustaf	1868	1949
Nilsson, Gustaf	1882	1949
Nilsson, Gustaf	1895	1949
Nilsson, Gustaf	NA	1949
Nilsson, Gustav	1897	NA
Nilsson, Gustav	1908	NA
Nilsson, Gustav	NA	NA
Nilsson, Hans	1872	NA
Nilsson, Hans	1920	NA
Nilsson, Hans	NA	NA
Nilsson, Hjalmar	1856	1925
Nilsson, Hjalmar	1860	1925
Nilsson, Hjalmar	1886	1925
Nilsson, Hjalmar	NA	1925
Nilsson, Johan	1878	1983
Nilsson, Johan	1891	1983
Nilsson, Johan	NA	1983
Nilsson, John	1892	1971
Nilsson, John	1898	1974
Nilsson, John	1898	NA
Nilsson, John	NA	NA
Nilsson, Karl	1844	1926
Nilsson, Karl	1885	1926
Nilsson, Karl	1891	1926
Nilsson, Karl	1901	1926
Nilsson, Karl	NA	1926
Nilsson, Lennart	1916	NA
Nilsson, Lennart	1922	NA
Nilsson, Lennart	NA	NA
Nilsson, Nils	1827	1871
Nilsson, Nils	1863	NA
Nilsson, Nils	1865	NA
Nilsson, Nils	1897	1980
Nilsson, Nils	1908	1969
Nilsson, Nils	1908	NA
Nilsson, Nils	1917	NA
Nilsson, Nils	NA	NA
Nilsson, Sven	1787	1883
Nilsson, Sven	1822	1883
Nilsson, Sven	1929	1883
Nilsson, Sven	NA	1883
Nilsson, Sven Johan	1844	1989
Nilsson, Sven Johan	1898	1989
Nilsson, Tage	1905	1986
Nilsson, Tage	1915	2010
Nilsson, Tage	1930	NA
Nilsson, Tore	1912	1998
Nilsson, Tore	1915	1998
Nilsson, Tore	1919	1998
Nilsson, Tore	NA	1998
Nilsson, Torsten	1888	1997
Nilsson, Torsten	1905	1997
Nilsson, Torsten	NA	1997
Nilsson, Yngve	1902	1973
Nilsson, Yngve	1908	NA
Nilsson, Yngve	1912	1993
Nilsson, Yngve	1925	NA
Norberg, Johan Erik	1749	1818
Norberg, Johan Erik	1868	1956
Norberg, Petrus	1875	1960
Norberg, Petrus	1875	NA
Norberg, Petrus	1880	1908
Norberg, Petrus	NA	NA
Nordenfalk, Johan	1796	1846
Nordenfalk, Johan	1834	1878
Nordenskiöld, Carl Fredrik	1702	1779
Nordenskiöld, Carl Fredrik	1756	1828
Nordqvist, Gustaf	1877	1947
Nordqvist, Gustaf	1886	1949
Nordstedt, Gustaf	1683	1757
Nordstedt, Gustaf	1728	1784
Nordström, Olof	1921	2014
Nordström, Olof	1926	2014
Noreen, Axel	1674	1750
Noreen, Axel	1726	1799
Norén, Victor	1839	1899
Norén, Victor	1867	1899
Norman, Carl	1729	1798
Norman, Carl	1879	1798
Norrman, Lars	1651	1703
Norrman, Lars	1915	1979
Norrman, Lars	NA	NA
Nyblom, Lennart	1872	1947
Nyblom, Lennart	1915	1994
Nygren, Anders	1778	1861
Nygren, Anders	1890	1978
Nygren, Anders	NA	NA
Nylander, John	1869	1949
Nylander, John	1886	1935
Nylander, John	NA	NA
Nylén, Paul	1870	1958
Nylén, Paul	1892	1976
Nylén, Paul	1892	NA
Nylén, Paul	NA	NA
Nyman, Hilding	1870	1937
Nyman, Hilding	1879	1937
Nyman, Hilding	1909	1937
Nyman, Hilding	NA	1937
Nyström, Erik	1842	1907
Nyström, Erik	1877	NA
Nyström, Erik	1879	1963
Nyström, Erik	NA	NA
Nyström, Gunnar	1630	1702
Nyström, Gunnar	1877	1964
Nyström, Gunnar	NA	NA
Nyström, Per	1887	1993
Nyström, Per	1903	1993
Nyström, Per	1904	1993
Nyström, Per	NA	1993
Nyström, Per Olof	1764	1830
Nyström, Per Olof	1864	1830
öberg, Hans	1785	1852
öberg, Hans	1893	1969
öberg, Hans	NA	NA
Odelberg, Axel	1793	NA
Odelberg, Axel	1805	1884
Odelberg, Axel	1892	1984
Odelstierna, Erik	1661	1704
Odelstierna, Erik	1723	1805
ödmann, Samuel	1750	1829
ödmann, Samuel	1822	1899
Ohlsson, Anders	1815	1869
Ohlsson, Anders	1894	1988
Ohlsson, Anders	1894	NA
Ohlsson, Anders	NA	NA
Ohlsson, Erik	1891	1975
Ohlsson, Erik	1910	1975
Olai, Ericus	1420	1486
Olai, Ericus	1693	1486
Olai, Nicolaus	1550	1600
Olai, Nicolaus	1657	1600
Olai, Nicolaus	1658	1600
Olson, Anders	1862	2004
Olson, Anders	1901	2004
Olson, Erik	1886	1966
Olson, Erik	1901	1986
Olson, Hjalmar	1884	1963
Olson, Hjalmar	1902	1990
Olsson, Anders	1827	1890
Olsson, Anders	1851	1933
Olsson, Anders	1885	1974
Olsson, Anders	NA	NA
Olsson, Anna	1866	1946
Olsson, Anna	1885	1961
Olsson, Anna	NA	NA
Olsson, Axel	1882	1957
Olsson, Axel	1892	1969
Olsson, Erik	1860	1916
Olsson, Erik	1871	1951
Olsson, Erik	1889	1971
Olsson, Erik	1900	NA
Olsson, Erik	NA	NA
Olsson, Ernst	1884	1954
Olsson, Ernst	1904	1948
Olsson, Ernst	NA	NA
Olsson, Gustaf	1878	1951
Olsson, Gustaf	1899	1951
Olsson, Gustaf	NA	1951
Olsson, Herbert	1894	1969
Olsson, Herbert	1899	1969
Olsson, John	1858	1943
Olsson, John	1891	1943
Olsson, John	NA	1943
Olsson, Nils	1887	NA
Olsson, Nils	1890	1982
Olsson, Nils	1890	NA
Olsson, Nils	1906	1978
Olsson, Nils	1906	NA
Olsson, Nils	NA	NA
Olsson, Olof	1752	1826
Olsson, Olof	1841	1900
Olsson, Olof	1861	NA
Olsson, Olof	NA	NA
Olsson, Peter	1833	1906
Olsson, Peter	1838	1923
Olsson, Peter	NA	NA
Olsson, Sven	1882	1944
Olsson, Sven	1914	2006
Olsson, Sven	NA	NA
Olsson, Viktor	1901	NA
Olsson, Viktor	1905	NA
Olsson, Viktor	NA	NA
örtenblad, Olof	1782	1852
örtenblad, Olof	1854	1936
Oskar	1799	1859
Oskar	1829	1907
östman, Karl	1860	1926
östman, Karl	1876	1953
östman, Nils	1694	1771
östman, Nils	1882	1934
östman, Nils	NA	NA
Otterborg, Sven	1781	1865
Otterborg, Sven	1876	1865
Owen, John	1560	1622
Owen, John	1563	1622
Oxenstierna, Johan Gabriel	1750	1818
Oxenstierna, Johan Gabriel	1899	1995
Påhlman, Axel	1872	1962
Påhlman, Axel	1882	1962
Palm, Erik	1893	1957
Palm, Erik	1907	1957
Palm, Erik	1912	1957
Palm, Jonas	1726	1799
Palm, Jonas	1925	1996
Pehrsson, Per	1781	1846
Pehrsson, Per	1835	1917
Pehrsson, Per	1867	1953
Pehrsson, Per	1867	NA
Pehrsson, Per	NA	NA
Pereswetoff-morath, Anders Wilhelm	1748	1817
Pereswetoff-morath, Anders Wilhelm	1791	1862
Persson, Carl	1889	NA
Persson, Carl	1898	NA
Persson, Carl	NA	NA
Persson, Edvard	1888	1957
Persson, Edvard	1923	1978
Persson, Edvard	NA	NA
Persson, Erik	1887	1977
Persson, Erik	1912	1977
Persson, Erik	NA	1977
Persson, Gustaf	1882	NA
Persson, Gustaf	1885	NA
Persson, Gustaf	NA	NA
Persson, Nils	1836	1916
Persson, Nils	1895	1916
Persson, Nils	NA	1916
Persson, Ola	1846	1932
Persson, Ola	1876	1963
Persson, Ola	NA	NA
Persson, Ove	1900	NA
Persson, Ove	1919	NA
Persson, Ove	NA	NA
Persson, Per	1853	1948
Persson, Per	1857	1929
Persson, Per	1861	1950
Persson, Per	1861	NA
Persson, Per	1870	NA
Persson, Per	1881	1950
Persson, Per	1926	NA
Persson, Per	NA	NA
Petersen, Elly	187	NA
Petersen, Elly	1874	NA
Petersen, Jan	1887	1967
Petersen, Jan	1906	1969
Petersen, Julius	1839	1910
Petersen, Julius	1840	1912
Petersson, Oskar	1850	1911
Petersson, Oskar	1879	1911
Petrén, Gustaf	1874	1962
Petrén, Gustaf	1917	1990
Petri, Johannes	1500	NA
Petri, Johannes	1600	NA
Petri, Laurentius	1499	1573
Petri, Laurentius	1671	1573
Petri, Laurentius	NA	1573
Petri, Olaus	1493	1552
Petri, Olaus	1600	1552
Pettersson, Abraham	1724	1763
Pettersson, Abraham	1840	1763
Pettersson, Gösta	1898	1959
Pettersson, Gösta	1905	1959
Pettersson, Gösta	1919	1959
Pettersson, Johan	1795	1881
Pettersson, Johan	1906	1881
Pettersson, Johan	1923	1881
Pettersson, Johan	NA	1881
Pettersson, Karl Gustaf	1856	1932
Pettersson, Karl Gustaf	1954	1932
Pettersson, Magnus	1727	1791
Pettersson, Magnus	1834	1791
Pettersson, Olof	1913	1986
Pettersson, Olof	1920	1986
Phillips, John	1700	1874
Phillips, John	1800	1874
Pius	1717	1799
Pius	1835	1914
Pius	1857	1939
Pius	1876	1958
Pontoppidan, Erik	1698	1764
Pontoppidan, Erik	1882	1955
Posse, Arvid	1792	1850
Posse, Arvid	1820	1901
Quensel, Conrad	1676	1732
Quensel, Conrad	1727	1762
Quensel, Conrad	1767	1806
Qviding, Pehr	1730	1775
Qviding, Pehr	1733	1781
Qviding, Pehr	NA	NA
Rabenius, Nils	1648	1717
Rabenius, Nils	1887	1924
Rabenius, Olof	1730	1772
Rabenius, Olof	1882	1948
Rabenius, Olof	NA	NA
Rambach, Johann Jacob	1693	1735
Rambach, Johann Jacob	1737	1818
Ramsay, Ebba	1828	1922
Ramsay, Ebba	1857	1922
Rappe, Axel	1838	1918
Rappe, Axel	1884	1945
Rappe, Axel	1904	1983
Regnér, Gustaf	1748	1819
Regnér, Gustaf	1866	1948
Rein, Gabriel	1800	1867
Rein, Gabriel	1869	1867
Reuterswärd, Knut	1838	1930
Reuterswärd, Knut	1873	1943
Ribbing, Gustaf	1849	1942
Ribbing, Gustaf	1862	1918
Ribbing, Seved	1845	1921
Ribbing, Seved	1902	1993
Ribbing, Seved	NA	NA
Rinman, Sven	1720	1792
Rinman, Sven	1905	1997
Rinman, Sven	NA	NA
Roos, Göran	1904	NA
Roos, Göran	1907	NA
Roos, Göran	NA	NA
Rosén, Sven	1708	1750
Rosén, Sven	1879	1965
Rosén, Sven	NA	NA
Rosenhane, Schering	1609	1663
Rosenhane, Schering	1754	1812
Rudbeck, Olof	1630	1702
Rudbeck, Olof	1660	1740
Rudbeck, Olof	1751	1777
Rudbeck, Olof	1908	1965
Rudbeck, Thure Gustaf	1714	1786
Rudbeck, Thure Gustaf	1806	1876
Rudbeckius, Johannes	1581	1646
Rudbeckius, Johannes	1623	1667
Rudbeckius, Petrus Johannis	1578	1629
Rudbeckius, Petrus Johannis	1625	1701
Rudenschöld, Thorsten	1798	1859
Rudenschöld, Thorsten	1863	1926
Rundbäck, Abraham	1823	1893
Rundbäck, Abraham	1827	1893
Rundbäck, Abraham	NA	1893
Rydberg, Gustaf	1835	1933
Rydberg, Gustaf	1861	1938
Rydberg, Sven	1789	1865
Rydberg, Sven	1917	1996
Rydberg, Sven	NA	NA
Rydin, Herman	1861	1930
Rydin, Herman	1930	NA
Samuelsson, Gunnar	1885	1944
Samuelsson, Gunnar	1911	1999
Sandberg, David	1885	NA
Sandberg, David	1895	NA
Sandberg, David	NA	NA
Sandberg, Erik	1879	1974
Sandberg, Erik	1894	1974
Sandberg, Erik	NA	1974
Sandberg, Gösta	1906	1974
Sandberg, Gösta	1915	1995
Sandberg, Ragnar	1902	1972
Sandberg, Ragnar	1905	1990
Sandberg, Sven	1833	NA
Sandberg, Sven	1903	NA
Sandberg, Sven	NA	NA
Sandström, Emil	1886	1962
Sandström, Emil	1891	1948
Sandström, Erik	1908	1972
Sandström, Erik	1909	1972
Sandström, Josef	1880	1948
Sandström, Josef	1880	NA
Sandström, Josef	1882	1950
Sandström, Sven	1904	1997
Sandström, Sven	1927	1997
Santesson, Carl Gustaf	1781	1819
Santesson, Carl Gustaf	1819	1886
Santesson, Carl Gustaf	1862	1939
Santesson, Carl Gustaf	NA	NA
Santesson, Henrik	1847	1915
Santesson, Henrik	1859	1912
Scheutz, Georg	1785	1873
Scheutz, Georg	1873	1958
Schönström, Peter	1682	1746
Schönström, Peter	1766	1838
Schoultz, Gösta Von	1900	2003
Schoultz, Gösta Von	1914	2003
Schröder, Gustaf	1824	1912
Schröder, Gustaf	1861	NA
Schröder, Gustaf	1888	1973
Schröderheim, Elis	1747	1795
Schröderheim, Elis	1863	1937
Schröderheim, Elis	NA	NA
Schultz, Johan Gustaf	1787	1874
Schultz, Johan Gustaf	1839	1869
Schultz, Johan Gustaf	NA	NA
Scott, George	1804	1874
Scott, George	1874	NA
Sebardt, Carl	1874	1936
Sebardt, Carl	1904	1994
Selander, Nils	1845	1922
Selander, Nils	1891	1979
Sellergren, Peter Lorenz	1768	1843
Sellergren, Peter Lorenz	1769	1843
Sellergren, Peter Lorenz	NA	1843
Selling, Magnus	1755	1825
Selling, Magnus	1903	1986
Selling, Magnus	NA	NA
Sergel, Johan Tobias	1740	1814
Sergel, Johan Tobias	1846	1933
Seth, Martin	1659	1731
Seth, Martin	1871	1945
Seton, Alexander	1738	1814
Seton, Alexander	1768	1828
Seton, Alexander	NA	NA
Sjöberg, Axel	1854	1950
Sjöberg, Axel	1866	1950
Sjöberg, Erik	1794	1828
Sjöberg, Erik	1907	1963
Sjöberg, Gösta	1880	1967
Sjöberg, Gösta	1909	1991
Sjöberg, Gösta	NA	NA
Sjöberg, Gustaf	1844	1931
Sjöberg, Gustaf	1870	1931
Sjöberg, Gustaf	1893	1931
Sjöberg, Gustaf	NA	1931
Sjöberg, Knut	1875	1962
Sjöberg, Knut	1896	1975
Sjöberg, Knut	1907	NA
Sjöberg, Knut	NA	NA
Sjöberg, Nils	1875	NA
Sjöberg, Nils	1915	NA
Sjöberg, Nils	NA	NA
Sjöbring, Pehr	1776	1842
Sjöbring, Pehr	1819	1900
Sjögren, Håkan	1727	1815
Sjögren, Håkan	1818	1896
Sjögren, Håkan	1870	1934
Sjögren, Otto	1844	1917
Sjögren, Otto	1881	1975
Sjögren, Otto	NA	NA
Sjöstedt, Erik	1866	1929
Sjöstedt, Erik	1903	1929
Sjöstrand, Erik	1869	NA
Sjöstrand, Erik	1880	NA
Sjöstrand, Nils	1858	1897
Sjöstrand, Nils	1896	1955
Sjöstrand, Nils	NA	NA
Skytte, Johan	1577	1645
Skytte, Johan	1612	1636
Smith, Gustaf	1861	1978
Smith, Gustaf	1884	1978
Smith, Gustaf	NA	1978
Söderberg, Harald	1878	1958
Söderberg, Harald	1913	1958
Söderman, Anders	1600	1752
Söderman, Anders	1673	1752
Söderström, Gunnar	1896	NA
Söderström, Gunnar	1912	NA
Söderström, Gunnar	NA	NA
Söderström, Nils	1894	1956
Söderström, Nils	1911	1984
Sohlberg, Herman	1844	1909
Sohlberg, Herman	1887	1909
Solon	560	630
Solon	1860	1940
Sparre, Erik	1816	1886
Sparre, Erik	1871	1950
Sprinchorn, Carl	1851	1927
Sprinchorn, Carl	1863	1933
Staaff, Erik	1860	1950
Staaff, Erik	1867	1936
Staaff, Pehr	1776	1846
Staaff, Pehr	1856	1903
Sten, Hemming	1895	1954
Sten, Hemming	1925	1989
Stenius, Erik	1737	1766
Stenius, Erik	1911	1990
Stephens, George	1783	1837
Stephens, George	1813	1895
Stephens, George	NA	NA
Strand, Olof	1690	1749
Strand, Olof	1730	1782
Strandberg, Olof	1721	1814
Strandberg, Olof	1755	1838
Strandberg, Olof	1790	1865
Strandberg, Olof	1910	1956
Strandberg, Olof	NA	NA
Stridsberg, Erik	1871	1950
Stridsberg, Erik	1884	1949
Ström, Erik	1883	1983
Ström, Erik	1913	1983
Ström, Erik	NA	1983
Sundberg, Carl	1724	1805
Sundberg, Carl	1859	1931
Sundberg, Carl	NA	NA
Sundborg, åke	1878	1964
Sundborg, åke	1921	2007
Sundelin, Fredrik	1805	1847
Sundelin, Fredrik	1894	1973
Sundelin, Robert	1847	1896
Sundelin, Robert	1887	1944
Sundius, Johan	1699	1774
Sundius, Johan	1778	1853
Sundius, Johan	NA	NA
Sundström, Lennart	1901	NA
Sundström, Lennart	1921	NA
Sundström, Lennart	NA	NA
Svanberg, Gustaf	1802	1882
Svanberg, Gustaf	1839	1909
Svärd, Gunnar	1910	1978
Svärd, Gunnar	1911	1978
Svensson, Alarik	1894	1979
Svensson, Alarik	1902	1976
Svensson, Arvid	1895	NA
Svensson, Arvid	1899	NA
Svensson, Arvid	NA	NA
Svensson, Axel B	1879	1967
Svensson, Axel B	1892	1967
Svensson, Bernhard	1879	1965
Svensson, Bernhard	1886	1964
Svensson, Georg	1880	1998
Svensson, Georg	1904	1998
Svensson, Georg	NA	1998
Svensson, Gösta	1890	NA
Svensson, Gösta	1900	NA
Svensson, Gösta	NA	NA
Svensson, Karl	1873	NA
Svensson, Karl	1905	NA
Svensson, Karl	NA	NA
Svensson, Nils	1741	1815
Svensson, Nils	1883	1815
Svensson, Nils	NA	1815
Svensson, Sigfrid	1901	1984
Svensson, Sigfrid	1919	1997
Svensson, Sven	1873	NA
Svensson, Sven	1929	NA
Svensson, Sven	NA	NA
Svensson, Sven August	1859	1912
Svensson, Sven August	1863	1912
Sydow, Otto Reinhold Von	1794	1861
Sydow, Otto Reinhold Von	1893	1971
Sylvén, Nils	1880	1969
Sylvén, Nils	1892	1972
Tegnér, Elof	1774	1815
Tegnér, Elof	1844	1900
Tegnér, Esaias	1782	1846
Tegnér, Esaias	1843	1928
Tegnér, Esaias	NA	NA
Tham, Wilhelm	1812	1873
Tham, Wilhelm	1907	1983
Thieme, Carl Traugott	1743	1802
Thieme, Carl Traugott	1745	1802
Thomae, Ericus	1600	NA
Thomae, Ericus	1620	NA
Thorén, Gunnar	1885	1976
Thorén, Gunnar	1887	1942
Thorén, Gunnar	NA	NA
Thulin, Ivar Svante Harald	1886	1917
Thulin, Ivar Svante Harald	1887	1917
Thulin, Ivar Svante Harald	NA	1917
Thulin, Olof	1897	1983
Thulin, Olof	1906	1992
Thurén, Erik	1872	NA
Thurén, Erik	1892	NA
Tiburtius, Tiburtz	1684	1738
Tiburtius, Tiburtz	1706	1787
Tiburtius, Tiburtz	NA	NA
Toll, Hans	1716	1792
Toll, Hans	1865	1792
Toll, Hans	NA	1792
Torén, Carl-axel	1813	1904
Torén, Carl-axel	1887	1961
Torén, Magnus	1720	1807
Torén, Magnus	1770	1825
Tschudi, Clara	1856	1945
Tschudi, Clara	1859	1945
Tschudi, Clara	NA	1945
Uggla, Gustaf	1846	NA
Uggla, Gustaf	1880	NA
Uggla, Gustaf	NA	NA
Ugglas, Samuel Af	1750	1812
Ugglas, Samuel Af	1853	1932
Ullman, Magnus	1762	1826
Ullman, Magnus	1830	1919
Ullman, Magnus	1877	1918
Unge, Anders	1684	1734
Unge, Anders	1718	1796
Unger, Gunnar	1871	1952
Unger, Gunnar	1915	1976
Upmark, Gustaf	1844	1900
Upmark, Gustaf	1875	1928
Upmark, Gustaf	NA	NA
Vegesack, Ernst Von	1763	1818
Vegesack, Ernst Von	1792	1863
Viktoria	1819	1901
Viktoria	1862	1930
Voigt, Johann Heinrich	1613	1691
Voigt, Johann Heinrich	1751	1823
Wachtmeister, Hans	1793	1827
Wachtmeister, Hans	1828	1905
Wachtmeister, Hans	1851	1929
Wachtmeister, Hans	NA	NA
Wåhlin, Carl Ludvig	1787	1864
Wåhlin, Carl Ludvig	1819	1894
Waldenström, Johan Anton	1839	1979
Waldenström, Johan Anton	1880	1965
Wallenberg, Marcus	1744	1799
Wallenberg, Marcus	1774	1833
Wallenberg, Marcus	1864	1943
Wallenberg, Marcus	1899	1982
Waller, Erik	1875	1955
Waller, Erik	1944	1955
Waller, Erik	NA	1955
Wallin, Gunnar	1896	1975
Wallin, Gunnar	1923	1975
Wallin, Gunnar	NA	1975
Wallin, Johan	1687	1759
Wallin, Johan	1816	1876
Wallin, Johan	NA	1796
Wallin, Johan	NA	NA
Wallin, John	1876	NA
Wallin, John	1906	NA
Wallin, John	NA	NA
Wallin, Ragnar	1883	NA
Wallin, Ragnar	1896	NA
Wallin, Ragnar	NA	NA
Weber, Georg	1610	1888
Weber, Georg	1808	1888
Weber, Georg	NA	1888
Wehtje, Ernst	1863	1936
Wehtje, Ernst	1891	1972
Weibull, Martin	1835	1902
Weibull, Martin	1920	1998
Weman, Carl Gustaf	1740	1803
Weman, Carl Gustaf	1908	1990
Weman, Carl Gustaf	NA	NA
Wendt, Georg Von	1861	1933
Wendt, Georg Von	1876	1954
Wendt, Georg Von	NA	NA
Wennerberg, Gunnar	1782	1860
Wennerberg, Gunnar	1817	1901
Westerlund, Gunnar	1898	1967
Westerlund, Gunnar	1911	1983
Westholm, Alfred	1862	1945
Westholm, Alfred	1904	1996
Westin, Gunnar	1890	1967
Westin, Gunnar	1906	1967
Westin, Johan	1722	1786
Westin, Johan	1751	1828
Widén, Johan	1739	1813
Widén, Johan	1856	1933
Widén, Johan	1884	1965
Widmark, Johan	1724	1794
Widmark, Johan	1850	1909
Wiklund, Adolf	1859	1941
Wiklund, Adolf	1879	1950
Wilhelm	1882	1965
Wilhelm	1884	1965
Wirsén, Gustaf Fredrik	1779	1827
Wirsén, Gustaf Fredrik	1850	1913
Witt, Otto	1853	1915
Witt, Otto	1875	1923
Witt, Otto	NA	NA
Wrangel, Carl Gustaf	1613	1676
Wrangel, Carl Gustaf	1718	1779
Wrangel, Carl Gustaf	1839	1908
Wrangel, Erik	1686	1765
Wrangel, Erik	1721	1760
Zilliacus, Konni	1855	1924
Zilliacus, Konni	1894	1967
