original_name	original_date	final_author_id	final_author_birth	final_author_death	Count
Total count: 	1747				
Gustav	1746-1792	Gustav,  (1746-1792)	1746	1792	12
Kalm, Pehr	1716-1779	Kalm, Pehr (1716-1779)	1716	1779	 9
Luther, Martin	1483-1546	Luther, Martin (1483-1546)	1483	1546	 8
Lafontaine, August Heinrich Julius	1758-1831	Lafontaine, August Heinrich Julius (1758-1831)	1758	1831	 8
Björnståhl, Jacob Gustaf	1773-1837	Björnståhl, Jacob Gustaf (1773-1837)	1773	1837	 7
Fant, Eric Michael	1754-1817	Fant, Eric Michael (1754-1817)	1754	1817	 7
Svebilius, Olof	1624-1700	Svebilius, Olof (1624-1700)	1624	1700	 7
Campe, Joachim Heinrich	1746-1818	Campe, Joachim Heinrich (1746-1818)	1746	1818	 7
Schiller, Friedrich von	1759-1805	Schiller, Friedrich Von (1759-1805)	1759	1805	 7
Bergman, Torbern	1735-1784	Bergman, Torbern (1735-1784)	1735	1784	 7
Lagerbring, Sven	1707-1787	Lagerbring, Sven (1707-1787)	1707	1787	 7
Spole, Anders	1630-1699	Spole, Anders (1630-1699)	1630	1699	 6
Hesselius, Andreas	1714-1762	Hesselius, Andreas (1714-1762)	1714	1762	 6
Kexél, Olof	1748-1796	Kexél, Olof (1748-1796)	1748	1796	 6
Vergilius Maro, Publius	70-19 f.Kr.	Vergilius Maro, Publius	NA	NA	 6
Bælter, Sven	1713-1760	Bælter, Sven (1713-1760)	1713	1760	 6
Wallerius, Johan Gottschalk	1709-1785	Wallerius, Johan Gottschalk (1709-1785)	1709	1785	 6
Arndt, Johann	1555-1621	Arndt, Johann (1555-1621)	1555	1621	 6
Rhyzelius, Andreas Olavi	1677-1761	Rhyzelius, Andreas Olavi (1677-1761)	1677	1761	 6
Elfving, Anders	1745-1772	Elfving, Anders (1745-1772)	1745	1772	 6
Walberg, Carl Gustaf	1788-1821	Walberg, Carl Gustaf (1788-1821)	1788	1821	 6
Gadd, Pehr Adrian	1727-1797	Gadd, Pehr Adrian (1727-1797)	1727	1797	 6
Cleve, Friedrich August	1743-1796	Cleve, Friedrich August (1743-1796)	1743	1796	 5
Wallin, Johan Olof	1779-1839	Wallin, Johan Olof (1779-1839)	1779	1839	 5
Nordencrantz, Anders	1697-1772	Nordencrantz, Anders (1697-1772)	1697	1772	 5
Djurberg, Daniel	1744-1834	Djurberg, Daniel (1744-1834)	1744	1834	 5
Goethe, Johann Wolfgang von	1749-1832	Goethe, Johann Wolfgang Von (1749-1832)	1749	1832	 5
Hammarsköld, Lorenzo	1785-1827	Hammarsköld, Lorenzo (1785-1827)	1785	1827	 5
Fuhrmann, Stephan	1616-1683	Fuhrmann, Stephan (1616-1683)	1616	1683	 5
Rönnow, Magnus	1665-1735	Rönnow, Magnus (1665-1735)	1665	1735	 5
Tham, Pehr	1737-1820	Tham, Pehr (1737-1820)	1737	1820	 5
Rudbeck, Olof	1660-1740	Rudbeck, Olof (1660-1740)	1660	1740	 5
Flintberg, Jacob Albrecht	1751-1804	Flintberg, Jacob Albrecht (1751-1804)	1751	1804	 5
Dalin, Olof von	1708-1763	Dalin, Olof Von (1708-1763)	1708	1763	 5
Swedenborg, Emanuel	1688-1772	Swedenborg, Emanuel (1688-1772)	1688	1772	 5
Grevesmöhlen, Carl August	1754-1823	Grevesmöhlen, Carl August (1754-1823)	1754	1823	 5
Karl	1763-1844	Karl,  (1763-1844)	1763	1844	 5
Nordström, Henrik Andersson	1772-1837	Nordström, Henrik Andersson (1772-1837)	1772	1837	 4
Pachius, Petrus	f. ca 1579	Pachius, Petrus (1579-NA)	1579	NA	 4
Celsius, Olof	1716-1794	Celsius, Olof (1716-1794)	1716	1794	 4
Hylander, Anders	1750-1830	Hylander, Anders (1750-1830)	1750	1830	 4
Hallman, Carl Israel	1732-1800	Hallman, Carl Israel (1732-1800)	1732	1800	 4
Scott, Walter	1771-1832	Scott, Walter (1771-1832)	1771	1832	 4
Genlis, Stéphanie Félicité	1746-1830	Genlis, Stéphanie Félicité (1746-1830)	1746	1830	 4
Retzius, Anders Jahan	1742-1821	Retzius, Anders Jahan (1742-1821)	1742	1821	 4
Bergius, Peter Jonas	1730-1790	Bergius, Peter Jonas (1730-1790)	1730	1790	 4
Brag, Carl Johan	1735-1781	Brag, Carl Johan (1735-1781)	1735	1781	 4
Holberg, Ludvig	1684-1754	Holberg, Ludvig (1684-1754)	1684	1754	 4
Ödmann, Samuel	1750-1829	ödmann, Samuel (1750-1829)	1750	1829	 4
Rudbeck, Thure Gustaf	1714-1786	Rudbeck, Thure Gustaf (1714-1786)	1714	1786	 4
Granberg, Per Adolf	1770-1841	Granberg, Per Adolf (1770-1841)	1770	1841	 4
Schönberg, Anders	1737-1811	Schönberg, Anders (1737-1811)	1737	1811	 4
Gjörwell, Carl Christoffer	1731-1811	Gjörwell, Carl Christoffer (1731-1811)	1731	1811	 4
Browallius, Johan	1707-1755	Browallius, Johan (1707-1755)	1707	1755	 4
Pufendorf, Samuel von	1632-1694	Pufendorf, Samuel Von (1632-1694)	1632	1694	 4
Lundblad, Johan	1753-1820	Lundblad, Johan (1753-1820)	1753	1820	 4
Trozelius, Clas Blechert	1719-1794	Trozelius, Clas Blechert (1719-1794)	1719	1794	 4
Hammarström, Eric	1750-1813	Hammarström, Eric (1750-1813)	1750	1813	 3
Colling, Lars Johan	1714-1786	Colling, Lars Johan (1714-1786)	1714	1786	 3
Edelcrantz, Abraham Niclas	1754-1821	Edelcrantz, Abraham Niclas (1754-1821)	1754	1821	 3
Olbers, Levin	1767-1824	Olbers, Levin (1767-1824)	1767	1824	 3
Liljeblad, Samuel	1761-1815	Liljeblad, Samuel (1761-1815)	1761	1815	 3
Lindh, Nils Magnus	1775-1835	Lindh, Nils Magnus (1775-1835)	1775	1835	 3
Laurelius, Olof	1585-1670	Laurelius, Olof (1585-1670)	1585	1670	 3
Troil, Uno von	1746-1803	Troil, Uno Von (1746-1803)	1746	1803	 3
Wallius, Laurentius Olai	1588-1638	Wallius, Laurentius Olai (1588-1638)	1588	1638	 3
Munck, Petrus	1732-1803	Munck, Petrus (1732-1803)	1732	1803	 3
Aurivillius, Petrus	1637-1677	Aurivillius, Petrus (1637-1677)	1637	1677	 3
Adlersparre, Georg	1760-1835	Adlersparre, Georg (1760-1835)	1760	1835	 3
Gerhard, Johann	1582-1637	Gerhard, Johann (1582-1637)	1582	1637	 3
Wassenius, Torsten	1692-1765	Wassenius, Torsten (1692-1765)	1692	1765	 3
Wilcke, Samuel	1704-1773	Wilcke, Samuel (1704-1773)	1704	1773	 3
Georgii, Carl Fredrik	1715-1795	Georgii, Carl Fredrik (1715-1795)	1715	1795	 3
Laurentius Paulinus Gothus	1565-1646	Gothus, Laurentius (1565-1646)	1565	1646	 3
Löwenhielm, Gustaf	1771-1856	Löwenhielm, Gustaf (1771-1856)	1771	1856	 3
Hoefer, Johann Cyriacus	1600-t.	Hoefer, Johann Cyriacus (1600-NA)	1600	NA	 3
Florian, Jean Pierre Claris de	1755-1794	Florian, Jean Pierre Claris De (1755-1794)	1755	1794	 3
De la Gardie, Jacob	1768-1842	De La Gardie, Jacob (1768-1842)	1768	1842	 3
Rambach, Johann Jacob	1693-1735	Rambach, Johann Jacob (1693-1735)	1693	1735	 3
Messenius, Johannes	1579?-1636	Messenius, Johannes (1579-1636)	1579	1636	 3
De la Myle, Carl Johan	1728-1798	De La Myle, Carl Johan (1728-1798)	1728	1798	 3
Lidner, Bengt	1757-1793	Lidner, Bengt (1757-1793)	1757	1793	 3
Ekerman, Petrus	1697-1783	Ekerman, Petrus (1697-1783)	1697	1783	 3
Leopold, Carl Gustaf af	1756-1829	Leopold, Carl Gustaf Af (1756-1829)	1756	1829	 3
Agardh, Carl Adolph	1785-1859	Agardh, Carl Adolph (1785-1859)	1785	1859	 3
Ungern-Sternberg, Matthias Alexander von	1689-1763	Ungern-sternberg, Matthias Alexander Von (1689-1763)	1689	1763	 3
Schultén, Nathanael Gerhard af	1750-1825	Schultén, Nathanael Gerhard Af (1750-1825)	1750	1825	 3
Rudbeck, Johan Olof	1711-1790	Rudbeck, Johan Olof (1711-1790)	1711	1790	 3
Hagberg, Carl Peter	1778-1841	Hagberg, Carl Peter (1778-1841)	1778	1841	 3
Rudbeckius, Johannes	1581-1646	Rudbeckius, Johannes (1581-1646)	1581	1646	 3
Schantz, Gustaf von	1775-1847	Schantz, Gustaf Von (1775-1847)	1775	1847	 3
Möller, Johan	1738-1805	Möller, Johan (1738-1805)	1738	1805	 3
Echman, Carl	1686-1749	Echman, Carl (1686-1749)	1686	1749	 3
Hellens, Carl Niclas von	1745-1820.	Hellens, Carl Niclas Von (1745-1820)	1745	1820	 3
Deleen, Carl Erik	1767-1850	Deleen, Carl Erik (1767-1850)	1767	1850	 3
Gedike, Friedrich	1754-1803	Gedike, Friedrich (1754-1803)	1754	1803	 3
Rålamb, Åke	1651-1718	Rålamb, åke (1651-1718)	1651	1718	 3
Tessin, Carl Gustaf	1695-1770	Tessin, Carl Gustaf (1695-1770)	1695	1770	 3
Curtius Rufus, Quintus	100-talet e.Kr.	Curtius Rufus, Quintus	NA	NA	 3
Kraftman, Johan	1713-91	Kraftman, Johan (1713-1791)	1713	1791	 3
Ingman-Manderfelt, Carl	1747-1813	Ingman-manderfelt, Carl (1747-1813)	1747	1813	 3
De Geer, Charles	1720-1778	De Geer, Charles (1720-1778)	1720	1778	 3
Mörk, Jacob Henrik	1714-1763	Mörk, Jacob Henrik (1714-1763)	1714	1763	 3
Frölich, Eva Margareta	ca 1650-1692	Frölich, Eva Margareta (1650-1692)	1650	1692	 3
Grönwall, Anders	1671-1758	Grönwall, Anders (1671-1758)	1671	1758	 3
Evensson, David	1699-1750	Evensson, David (1699-1750)	1699	1750	 3
Törner, Fabian	1666-1731	Törner, Fabian (1666-1731)	1666	1731	 3
Thunberg, Carl Peter	1743-1828	Thunberg, Carl Peter (1743-1828)	1743	1828	 2
Voltaire	1694-1778.	Voltaire,  (1694-1778)	1694	1778	 2
Wivallius, Lars	-1605-1669	Wivallius, Lars (1605-1669)	1605	1669	 2
Creutz, Gustaf Philip	1731-1785	Creutz, Gustaf Philip (1731-1785)	1731	1785	 2
Bunyan, John	1628-1688	Bunyan, John (1628-1688)	1628	1688	 2
Voltemat, Henric Julius	1722-1765	Voltemat, Henric Julius (1722-1765)	1722	1765	 2
Nicander, Anders	1707-1781	Nicander, Anders (1707-1781)	1707	1781	 2
Boije, Johan Ludvig	1768-1841	Boije, Johan Ludvig (1768-1841)	1768	1841	 2
Hedin, Sven Anders	1750-1821	Hedin, Sven Anders (1750-1821)	1750	1821	 2
Schreiber, Aloys Wilhelm	1761-1841	Schreiber, Aloys Wilhelm (1761-1841)	1761	1841	 2
Sjöborg, Nils Henrik	1767-1838	Sjöborg, Nils Henrik (1767-1838)	1767	1838	 2
Manderström, Christopher	1727-1788	Manderström, Christopher (1727-1788)	1727	1788	 2
Serenius, Jacob	1700-1776	Serenius, Jacob (1700-1776)	1700	1776	 2
Stiernhöök, Johan Olofsson	1596-1675	Stiernhöök, Johan Olofsson (1596-1675)	1596	1675	 2
Norberg, Matthias	1747-1826	Norberg, Matthias (1747-1826)	1747	1826	 2
Bager, Haqvin	1711-82	Bager, Haqvin (1711-1782)	1711	1782	 2
Pettersson, Abraham	1724-1763	Pettersson, Abraham (1724-1763)	1724	1763	 2
Wallquist, Olof	1755-1800	Wallquist, Olof (1755-1800)	1755	1800	 2
Nordforss, Carl Gustaf	1763-1832	Nordforss, Carl Gustaf (1763-1832)	1763	1832	 2
Wiborg, Anders	1776-1836	Wiborg, Anders (1776-1836)	1776	1836	 2
Palmblad, Vilhelm Fredrik	1788-1852	Palmblad, Vilhelm Fredrik (1788-1852)	1788	1852	 2
Lehnberg, Magnus	1758-1808	Lehnberg, Magnus (1758-1808)	1758	1808	 2
Voss, Johann Heinrich	1751-1826	Voss, Johann Heinrich (1751-1826)	1751	1826	 2
Seseman, Hans Jacob	1751-1819	Seseman, Hans Jacob (1751-1819)	1751	1819	 2
Thomée, Gustaf Henric	1763-1823	Thomée, Gustaf Henric (1763-1823)	1763	1823	 2
Tollesson, Pehr	1747-1821	Tollesson, Pehr (1747-1821)	1747	1821	 2
Murbeck, Peter	1708-1766	Murbeck, Peter (1708-1766)	1708	1766	 2
Halldin, Johan Gustaf	1737-1825	Halldin, Johan Gustaf (1737-1825)	1737	1825	 2
Chytraeus, Nathan	1543-1598	Chytraeus, Nathan (1543-1598)	1543	1598	 2
Celsius, Anders	1701-1744	Celsius, Anders (1701-1744)	1701	1744	 2
Bergeström, Hans	1735-1784	Bergeström, Hans (1735-1784)	1735	1784	 2
Billberg, Gustaf	1772-1844	Billberg, Gustaf (1772-1844)	1772	1844	 2
Höpken, Anders Johan von	1712-1789	Höpken, Anders Johan Von (1712-1789)	1712	1789	 2
Tilas, Daniel	1712-1772	Tilas, Daniel (1712-1772)	1712	1772	 2
Sinold von Schütz, Philipp Balthasar	1657-1742	Sinold Von Schütz, Philipp Balthasar (1657-1742)	1657	1742	 2
Block, Magnus Gabriel von	1669-1722	Block, Magnus Gabriel Von (1669-1722)	1669	1722	 2
Murray, Andreas	1695-1771	Murray, Andreas (1695-1771)	1695	1771	 2
Blix, Magnus	1743-1805	Blix, Magnus (1743-1805)	1743	1805	 2
Haeggström, Zacharias	1787-1869	Haeggström, Zacharias (1787-1869)	1787	1869	 2
Murray, Gustaf	1747-1825	Murray, Gustaf (1747-1825)	1747	1825	 2
Arnaud, François Thomas Marie de Baculard d'	1718-1805	Arnaud, François Thomas Marie De Baculard D' (1718-1805)	1718	1805	 2
Fersen, Axel von	1719-1794	Fersen, Axel Von (1719-1794)	1719	1794	 2
Ballenstedt, Johann Georg Justus	1756-1840	Ballenstedt, Johann Georg Justus (1756-1840)	1756	1840	 2
Henschen, Wilhelm Peter	1766-1816	Henschen, Wilhelm Peter (1766-1816)	1766	1816	 2
Rudbeck, Olof	1630-1702	Rudbeck, Olof (1630-1702)	1630	1702	 2
Schilling, Friedrich Gustav	1766-1839	Schilling, Friedrich Gustav (1766-1839)	1766	1839	 2
Lindfors, Anders Otto	1781-1841	Lindfors, Anders Otto (1781-1841)	1781	1841	 2
Leuhusen, Carl	1724-1795	Leuhusen, Carl (1724-1795)	1724	1795	 2
Wallenius, Jacob	1761-1819	Wallenius, Jacob (1761-1819)	1761	1819	 2
Wollin, Christian	1731-1798	Wollin, Christian (1731-1798)	1731	1798	 2
Clerck, Carl Alexander	1709-1765	Clerck, Carl Alexander (1709-1765)	1709	1765	 2
Swedberg, Jesper	1653-1735	Swedberg, Jesper (1653-1735)	1653	1735	 2
Muhrbeck, Lorentz	1700-1769	Muhrbeck, Lorentz (1700-1769)	1700	1769	 2
Voigt, Johann Heinrich	1613-1691	Voigt, Johann Heinrich (1613-1691)	1613	1691	 2
Franzén, Frans Michael	1772-1847	Franzén, Frans Michael (1772-1847)	1772	1847	 2
Christiernin, Pehr Niclas	1725-1799	Christiernin, Pehr Niclas (1725-1799)	1725	1799	 2
Swederus, Magnus	1748-1836	Swederus, Magnus (1748-1836)	1748	1836	 2
Livius	59 f.Kr.-17 e.Kr.	Livius, 	NA	NA	 2
Porthan, Henrik Gabriel	1739-1804	Porthan, Henrik Gabriel (1739-1804)	1739	1804	 2
Hedrén, Johan Jacob	1775-1861	Hedrén, Johan Jacob (1775-1861)	1775	1861	 2
Rudén, Thorsten	1661-1729	Rudén, Thorsten (1661-1729)	1661	1729	 2
Klingenstierna, Samuel	1698-1765	Klingenstierna, Samuel (1698-1765)	1698	1765	 2
Brenner, Peter	1677-1720	Brenner, Peter (1677-1720)	1677	1720	 2
Kryger, Johan Fredrik	1707-1777	Kryger, Johan Fredrik (1707-1777)	1707	1777	 2
Fries, Elias	1794-1878	Fries, Elias (1794-1878)	1794	1878	 2
Hamnerin, Nils	1750-1806	Hamnerin, Nils (1750-1806)	1750	1806	 2
Fassmann, David	1683-1744	Fassmann, David (1683-1744)	1683	1744	 2
Botvidi, Johannes	1575-1635	Botvidi, Johannes (1575-1635)	1575	1635	 2
Roche, Regina Maria	1764?-1845	Roche, Regina Maria (1764-1845)	1764	1845	 2
Westbeck, Sacharias	1696-1765	Westbeck, Sacharias (1696-1765)	1696	1765	 2
Envallsson, Carl	1756-1806	Envallsson, Carl (1756-1806)	1756	1806	 2
Tegnér, Esaias	1782-1846	Tegnér, Esaias (1782-1846)	1782	1846	 2
Schulzenheim, David von	1732-1823	Schulzenheim, David Von (1732-1823)	1732	1823	 2
Holmberg, Johan Christopher	1743-1810	Holmberg, Johan Christopher (1743-1810)	1743	1810	 2
Chapman, Fredric Henric af	1721-1808	Chapman, Fredric Henric Af (1721-1808)	1721	1808	 2
Wadenstierna, Carl Eric	1723-1787	Wadenstierna, Carl Eric (1723-1787)	1723	1787	 2
Molière	1622-1673	Molière,  (1622-1673)	1622	1673	 2
Linné, Carl von	1707-1778	Linné, Carl Von (1707-1778)	1707	1778	 2
Backe, Carl	1759-1815	Backe, Carl (1759-1815)	1759	1815	 2
Stenbock, Magnus	1665-1717	Stenbock, Magnus (1665-1717)	1665	1717	 2
Hermansson, Johan	1679-1737	Hermansson, Johan (1679-1737)	1679	1737	 2
Warnmark, Peter	1665-1709	Warnmark, Peter (1665-1709)	1665	1709	 2
Mallén, Elias Emanuel	1783-1863	Mallén, Elias Emanuel (1783-1863)	1783	1863	 2
Gumaelius, Otto Joël	1791-1876	Gumaelius, Otto Joël (1791-1876)	1791	1876	 2
Schubert, Friedrich Wilhelm von	1788-1856	Schubert, Friedrich Wilhelm Von (1788-1856)	1788	1856	 2
Hansson, Joseph	1707/8-84	Hansson, Joseph	NA	NA	 2
Collin, Johan	1708?-1779	Collin, Johan (1708-1779)	1708	1779	 2
Josephus, Flavius	ca 37-ca 100	Josephus, Flavius	NA	NA	 2
Hoof, Jacob Otto	1768-1839	Hoof, Jacob Otto (1768-1839)	1768	1839	 2
Frietzcky, Clas	1727-1803	Frietzcky, Clas (1727-1803)	1727	1803	 2
Cronstedt, Axel Fredrik	1722-1765.	Cronstedt, Axel Fredrik (1722-1765)	1722	1765	 2
Bilmark, Johan	1728-1801	Bilmark, Johan (1728-1801)	1728	1801	 2
Roberg, Lars	1664-1742	Roberg, Lars (1664-1742)	1664	1742	 2
Flodin, Eric Lorentz	1775-1827	Flodin, Eric Lorentz (1775-1827)	1775	1827	 2
Steuchius, Matthias	1644-1730	Steuchius, Matthias (1644-1730)	1644	1730	 2
Schlegel, August Wilhelm	1767-1845	Schlegel, August Wilhelm (1767-1845)	1767	1845	 2
Fredrik	1712-1786	Fredrik,  (1712-1786)	1712	1786	 2
Schopenhauer, Johanna	1766-1838	Schopenhauer, Johanna (1766-1838)	1766	1838	 2
Rosenstein, Carl von	1766-1836	Rosenstein, Carl Von (1766-1836)	1766	1836	 2
Nordin, Carl Gustaf	1749-1812	Nordin, Carl Gustaf (1749-1812)	1749	1812	 2
Hall, John	1771-1830	Hall, John (1771-1830)	1771	1830	 2
Herlitz, David	1557-1636	Herlitz, David (1557-1636)	1557	1636	 2
Lissander, Anders	1704?-1786	Lissander, Anders (1704-1786)	1704	1786	 2
Bröms, Pehr	1704-1772	Bröms, Pehr (1704-1772)	1704	1772	 2
Bergsten, Erik	1747-1809	Bergsten, Erik (1747-1809)	1747	1809	 2
Gynther, Sven Wilhelm	1796-1873	Gynther, Sven Wilhelm (1796-1873)	1796	1873	 2
Botin, Anders af	1724-1790	Botin, Anders Af (1724-1790)	1724	1790	 2
Retzius, Lorentz Christopher	1745-1818	Retzius, Lorentz Christopher (1745-1818)	1745	1818	 2
Brahe, Eric	1722-1756	Brahe, Eric (1722-1756)	1722	1756	 2
Roos, Petrus	1740-1832	Roos, Petrus (1740-1832)	1740	1832	 2
Schenmark, Johan	1753-1837	Schenmark, Johan (1753-1837)	1753	1837	 2
Sachs, Michael	1542-1618	Sachs, Michael (1542-1618)	1542	1618	 2
Birgitta	1303-1373	Birgitta,  (1303-1373)	1303	1373	 2
Fouqué, Friedrich de la Motte-	1777-1843	Fouqué, Friedrich De La Motte- (1777-1843)	1777	1843	 2
Gellert, Christian Fürchtegott	1715-1769	Gellert, Christian Fürchtegott (1715-1769)	1715	1769	 2
Heinrich, Carl Friedrich	1774-1838	Heinrich, Carl Friedrich (1774-1838)	1774	1838	 2
Kempe, Axel	1623-1682	Kempe, Axel (1623-1682)	1623	1682	 2
Berzelius, Jacob	1779-1848	Berzelius, Jacob (1779-1848)	1779	1848	 2
Utter, Isak	1743-1812	Utter, Isak (1743-1812)	1743	1812	 2
Karl	1748-1818	Karl,  (1748-1818)	1748	1818	 2
Demoustier, Charles Albert	1760-1801	Demoustier, Charles Albert (1760-1801)	1760	1801	 2
Thorild, Thomas	1759-1808	Thorild, Thomas (1759-1808)	1759	1808	 2
Sebaldt, Carl Fredric	1713-1792	Sebaldt, Carl Fredric (1713-1792)	1713	1792	 2
Rydelius, Andreas	1671-1738	Rydelius, Andreas (1671-1738)	1671	1738	 2
Hülphers, Abraham Abrahamsson	1734-1798	Hülphers, Abraham Abrahamsson (1734-1798)	1734	1798	 2
Skjöldebrand, Eric	1722-1814	Skjöldebrand, Eric (1722-1814)	1722	1814	 2
Fritsch, Ahasver	1629-1701	Fritsch, Ahasver (1629-1701)	1629	1701	 2
Triewald, Mårten	1691-1747	Triewald, Mårten (1691-1747)	1691	1747	 2
Westerdahl, Frans	1734-1797	Westerdahl, Frans (1734-1797)	1734	1797	 2
Mörner, Adolf Göran	1773-1838	Mörner, Adolf Göran (1773-1838)	1773	1838	 2
Lannér, Israel	1737-1799	Lannér, Israel (1737-1799)	1737	1799	 2
Vossius, Gerardus Joannis	1577-1649	Vossius, Gerardus Joannis (1577-1649)	1577	1649	 2
Lavater, Johann Caspar	1741-1801	Lavater, Johann Caspar (1741-1801)	1741	1801	 2
Müller, Johann Gottwerth	1743-1828	Müller, Johann Gottwerth (1743-1828)	1743	1828	 2
Nordberg, Jöran Andersson	1677-1744	Nordberg, Jöran Andersson (1677-1744)	1677	1744	 2
Fénelon, François de Salignac de La Mothe	1651-1715	Fénelon, François De Salignac De La Mothe (1651-1715)	1651	1715	 2
Boëthius, Jacob Georg	f. 1781	Boëthius, Jacob Georg (1781-NA)	1781	NA	 2
Brenner, Sophia Elisabeth	1659-1730	Brenner, Sophia Elisabeth (1659-1730)	1659	1730	 2
Elvius, Pehr	1710-1749	Elvius, Pehr (1710-1749)	1710	1749	 2
Kullman, Eric	1758-1804	Kullman, Eric (1758-1804)	1758	1804	 2
Rabener, Gottlieb Wilhelm	1714-1771	Rabener, Gottlieb Wilhelm (1714-1771)	1714	1771	 2
Bastholm, Christian	1740-1819	Bastholm, Christian (1740-1819)	1740	1819	 2
Bilang, Johan Jacob von	1740-1803	Bilang, Johan Jacob Von (1740-1803)	1740	1803	 2
Tullin, Christian Braunmann	1728-65	Tullin, Christian Braunmann (1728-1765)	1728	1765	 2
Hoffmann, Johann Adolph	?-1731	Hoffmann, Johann Adolph (NA-1731)	NA	1731	 2
Mennander, Carl Fredrik	1712-1786	Mennander, Carl Fredrik (1712-1786)	1712	1786	 2
Vörlund, Henric	1771-1810	Vörlund, Henric (1771-1810)	1771	1810	 2
Sundelius, Hans Olof	1764-1821	Sundelius, Hans Olof (1764-1821)	1764	1821	 2
Rothlieb, Carl Fredrik	1783-1835	Rothlieb, Carl Fredrik (1783-1835)	1783	1835	 2
Gröndaal, Petrus	1690-1750	Gröndaal, Petrus (1690-1750)	1690	1750	 2
La Serre, Jean Puget de	ca 1600-1665	La Serre, Jean Puget De (1600-1665)	1600	1665	 2
Wivallius, Lars	1605-1669	Wivallius, Lars (1605-1669)	1605	1669	 2
Swieten, Gottfried van	1733-1803	Swieten, Gottfried Van (1733-1803)	1733	1803	 2
Ihre, Johan	1707-1780	Ihre, Johan (1707-1780)	1707	1780	 2
Sivers, Henric Jacob	1709-1758	Sivers, Henric Jacob (1709-1758)	1709	1758	 2
Phaedrus	ca 20 f.Kr.-40 e.Kr.	Phaedrus, 	NA	NA	 2
Acrel, Olof af	1717-1806	Acrel, Olof Af (1717-1806)	1717	1806	 2
Wallenstråle, Martin Georg	1733-1807	Wallenstråle, Martin Georg (1733-1807)	1733	1807	 2
Bladh, Peter Johan	1746-1816	Bladh, Peter Johan (1746-1816)	1746	1816	 2
Rosenblad, Matthias	1758-1847	Rosenblad, Matthias (1758-1847)	1758	1847	 2
Lindbom, Olof	1719-1773	Lindbom, Olof (1719-1773)	1719	1773	 2
König, Christian	1678-1762	König, Christian (1678-1762)	1678	1762	 2
Hartmansdorff, August	1792-1856	Hartmansdorff, August (1792-1856)	1792	1856	 2
Scarin, Algot	1684-1771	Scarin, Algot (1684-1771)	1684	1771	 2
Ekmarck, Carl Erik	1784-1846	Ekmarck, Carl Erik (1784-1846)	1784	1846	 2
Bilderbeck, Ludwig Benedict Franz von	1766?-?	Bilderbeck, Ludwig Benedict Franz Von (1766-NA)	1766	NA	 2
Gadelius, Anders	1775-1819	Gadelius, Anders (1775-1819)	1775	1819	 2
Tillotson, John	1630-1694	Tillotson, John (1630-1694)	1630	1694	 2
Schoerbing, Carl Magnus	1754-1829	Schoerbing, Carl Magnus (1754-1829)	1754	1829	 2
Thomas a Kempis	ca 1380-1471	Kempis, Thomas (1380-1471)	1380	1471	 2
Voltaire	1694-1778	Voltaire,  (1694-1778)	1694	1778	 2
Hummel, Arvid David	1778-1836	Hummel, Arvid David (1778-1836)	1778	1836	 2
Brauner, Jan	1712-1773	Brauner, Jan (1712-1773)	1712	1773	 2
Melanderhielm, Daniel	1726-1810	Melanderhielm, Daniel (1726-1810)	1726	1810	 2
Rosenheim, Wilhelm Fredrik Joachim von	1755-1822	Rosenheim, Wilhelm Fredrik Joachim Von (1755-1822)	1755	1822	 2
Saltza, Edvard Fredrik von	1775-1859	Saltza, Edvard Fredrik Von (1775-1859)	1775	1859	 2
Esselius, Johan	1751-1815	Esselius, Johan (1751-1815)	1751	1815	 2
Hermelin, Samuel Gustaf	1744-1820	Hermelin, Samuel Gustaf (1744-1820)	1744	1820	 2
Skytte, Lars	ca 1610-1696	Skytte, Lars (1610-1696)	1610	1696	 2
Kotzebue, August von	1761-1819	Kotzebue, August Von (1761-1819)	1761	1819	 2
Benzelius, Erik	1632-1709	Benzelius, Erik (1632-1709)	1632	1709	 2
Hübner, Johann	1668-1731	Hübner, Johann (1668-1731)	1668	1731	 2
Lenngren, Anna Maria	1754-1817	Lenngren, Anna Maria (1754-1817)	1754	1817	 2
Gezelius, Johannes	1615-1690	Gezelius, Johannes (1615-1690)	1615	1690	 2
Salvius, Lars	1706-1773	Salvius, Lars (1706-1773)	1706	1773	 2
Fant, Johan Michael	1735-1813	Fant, Johan Michael (1735-1813)	1735	1813	 2
Ulrich, Friedrich Didrich Daniel	1752-1812	Ulrich, Friedrich Didrich Daniel (1752-1812)	1752	1812	 2
Bernard, Pierre-Joseph	1708?-1775	Bernard, Pierre-joseph (1708-1775)	1708	1775	 1
Roempke, Magnus	1756-1828	Roempke, Magnus (1756-1828)	1756	1828	 1
Samzelius, Abraham	1723-1773	Samzelius, Abraham (1723-1773)	1723	1773	 1
Klingspor, Christian Joachim	1714-78	Klingspor, Christian Joachim (1714-1778)	1714	1778	 1
Edman, Johan Eric	1765-1814	Edman, Johan Eric (1765-1814)	1765	1814	 1
Fouché, Joseph	1759-1820	Fouché, Joseph (1759-1820)	1759	1820	 1
Runeberg, Edvard Fredric	1721-1802	Runeberg, Edvard Fredric (1721-1802)	1721	1802	 1
Garney, Johan Carl	1740-1808	Garney, Johan Carl (1740-1808)	1740	1808	 1
Mentzer, Balthasar	1679-1741	Mentzer, Balthasar (1679-1741)	1679	1741	 1
Hedberg, Pehr	1723-1797	Hedberg, Pehr (1723-1797)	1723	1797	 1
Juslenius, Gabriel Danielis	1666-1724	Juslenius, Gabriel Danielis (1666-1724)	1666	1724	 1
Mollerus, Martin	1547-1606	Mollerus, Martin (1547-1606)	1547	1606	 1
Strauss, Friedrich	1786-1863	Strauss, Friedrich (1786-1863)	1786	1863	 1
Miège, Guy	1644-ca 1718	Miège, Guy (1644-1718)	1644	1718	 1
Reuterdahl, Henrik	1795-1870	Reuterdahl, Henrik (1795-1870)	1795	1870	 1
Walbom, Eric Göran	1710-1773	Walbom, Eric Göran (1710-1773)	1710	1773	 1
Stobaeus, Nils	1694-1754	Stobaeus, Nils (1694-1754)	1694	1754	 1
Hildebrandt, Johann Andreas Christoph	1763-1846	Hildebrandt, Johann Andreas Christoph (1763-1846)	1763	1846	 1
Löwenhielm, Severin	1778-1826	Löwenhielm, Severin (1778-1826)	1778	1826	 1
Holm, Edvardus Johannis	f. 1619	Holm, Edvardus Johannis (1619-NA)	1619	NA	 1
Ervast, Isaac	1700-37	Ervast, Isaac (1700-1737)	1700	1737	 1
Ehrengranat, Claes Adam	1781-1842	Ehrengranat, Claes Adam (1781-1842)	1781	1842	 1
Hoffberg, Carl Fredrik	1729-1790	Hoffberg, Carl Fredrik (1729-1790)	1729	1790	 1
Holmén, Bengt	1730-1794	Holmén, Bengt (1730-1794)	1730	1794	 1
Beronius, Magnus Olai	1692-1775	Beronius, Magnus Olai (1692-1775)	1692	1775	 1
Orrelius, Magnus	1717-1794	Orrelius, Magnus (1717-1794)	1717	1794	 1
La Tocnaye, Jacques-Louis de	1767-1823	La Tocnaye, Jacques-louis De (1767-1823)	1767	1823	 1
Grundel, Adolf Johan	1703-1755	Grundel, Adolf Johan (1703-1755)	1703	1755	 1
Walingius, Nicolaus Olai	1599-1649	Walingius, Nicolaus Olai (1599-1649)	1599	1649	 1
Himselius, Gebhardus	d. 1676	Himselius, Gebhardus (1676-NA)	1676	NA	 1
Outhier, Réginald	1694-1774	Outhier, Réginald (1694-1774)	1694	1774	 1
Langhansen, Christian	1660-1727	Langhansen, Christian (1660-1727)	1660	1727	 1
Posselt, Ernst Ludwig	1763-1804	Posselt, Ernst Ludwig (1763-1804)	1763	1804	 1
Stagnelius, Magnus	1746-1829	Stagnelius, Magnus (1746-1829)	1746	1829	 1
Lemström, Henric	1740-1771	Lemström, Henric (1740-1771)	1740	1771	 1
Cardell, Carl Friedrich von	1764-1821	Cardell, Carl Friedrich Von (1764-1821)	1764	1821	 1
Schroderus, Ericus Johannis	ca 1608-1639	Schroderus, Ericus Johannis (1608-1639)	1608	1639	 1
Hårleman, Carl	1700-1753	Hårleman, Carl (1700-1753)	1700	1753	 1
Schützercrantz, Herman	1713-1802	Schützercrantz, Herman (1713-1802)	1713	1802	 1
Munthe, Sven Hansson	1718-90	Munthe, Sven Hansson (1718-1790)	1718	1790	 1
Terserus, Adolphus Elai	1604-1659	Terserus, Adolphus Elai (1604-1659)	1604	1659	 1
Cottin, Sophie	1770-1807	Cottin, Sophie (1770-1807)	1770	1807	 1
Norvins, Jacques Marquet de Montbreton	1769-1854	Norvins, Jacques Marquet De Montbreton (1769-1854)	1769	1854	 1
Gradin, Arvid	1704-1757	Gradin, Arvid (1704-1757)	1704	1757	 1
Olavus Sunonis	1604-1680	Sunonis, Olavus (1604-1680)	1604	1680	 1
Lantier, Étienne François de	1734-1826	Lantier, étienne François De (1734-1826)	1734	1826	 1
Lund, Pehr af	1737-1806	Lund, Pehr Af (1737-1806)	1737	1806	 1
Lillieblad, Gustaf Peringer	1651-1710	Lillieblad, Gustaf Peringer (1651-1710)	1651	1710	 1
Hartman, Gabriel Israel	1776-1809	Hartman, Gabriel Israel (1776-1809)	1776	1809	 1
Helsingberg, Johan	1750-1812	Helsingberg, Johan (1750-1812)	1750	1812	 1
Lithomannus, Andreas Matthiae	d. 1689	Lithomannus, Andreas Matthiae (1689-NA)	1689	NA	 1
Sigorgne, Pierre	1719-1809	Sigorgne, Pierre (1719-1809)	1719	1809	 1
Staël von Holstein, Corfitz Ludvig	1753-1819	Staël Von Holstein, Corfitz Ludvig (1753-1819)	1753	1819	 1
Nordlander, Nils	1796-1874	Nordlander, Nils (1796-1874)	1796	1874	 1
Rumstedt, Samuel	1770-1855	Rumstedt, Samuel (1770-1855)	1770	1855	 1
Ehrensvärd, Carl	1713-70	Ehrensvärd, Carl (1713-1770)	1713	1770	 1
Warmholtz, Carl Gustaf	1713-1785	Warmholtz, Carl Gustaf (1713-1785)	1713	1785	 1
Törn, Erland	1665-1737	Törn, Erland (1665-1737)	1665	1737	 1
Johannes Matthiæ	1593-1670	Matthiæ, Johannes (1593-1670)	1593	1670	 1
Sparschuch, Johan	1699-1781	Sparschuch, Johan (1699-1781)	1699	1781	 1
Starinius, Benedictus Magni	d. 1667	Starinius, Benedictus Magni (1667-NA)	1667	NA	 1
Uggla, Carl Fredrik Hillebrandsson	1725-1803	Uggla, Carl Fredrik Hillebrandsson (1725-1803)	1725	1803	 1
Cicero, Marcus Tullius	106-43 f.Kr.	Cicero, Marcus Tullius	NA	NA	 1
Haartman, Jacob	1717-1788	Haartman, Jacob (1717-1788)	1717	1788	 1
Corylander, Johan	1707-1775	Corylander, Johan (1707-1775)	1707	1775	 1
Helmfelt, Gustaf	1651-1674	Helmfelt, Gustaf (1651-1674)	1651	1674	 1
Johan Israelsson	1600-t.	Israelsson, Johan (1600-NA)	1600	NA	 1
Gumælius, Gustaf Wilhelm	1789-1877	Gumælius, Gustaf Wilhelm (1789-1877)	1789	1877	 1
Klinckowström, Otto	1683-1731	Klinckowström, Otto (1683-1731)	1683	1731	 1
Stjerneld, Adolf Ludvig	1755-1835	Stjerneld, Adolf Ludvig (1755-1835)	1755	1835	 1
Lynar, Heinrich Casimir Gottlob von	1748-1796	Lynar, Heinrich Casimir Gottlob Von (1748-1796)	1748	1796	 1
Palmér, Georg	1700-t.-1800-t.	Palmér, Georg	NA	NA	 1
Gravallius, Daniel Ehrenfried	1777-1849	Gravallius, Daniel Ehrenfried (1777-1849)	1777	1849	 1
Zacharias Johannis	1597-1681	Johannis, Zacharias (1597-1681)	1597	1681	 1
Clowes, John	1743-1831	Clowes, John (1743-1831)	1743	1831	 1
Klingspor, Wilhelm Mauritz	1744-1814	Klingspor, Wilhelm Mauritz (1744-1814)	1744	1814	 1
Romagnesi, Jean Antoine	1690-1742	Romagnesi, Jean Antoine (1690-1742)	1690	1742	 1
Falck, Anders	1740-1796	Falck, Anders (1740-1796)	1740	1796	 1
Meisner, David	1594-1630	Meisner, David (1594-1630)	1594	1630	 1
Tybeck, Johan	1752-1831	Tybeck, Johan (1752-1831)	1752	1831	 1
Flintenberg, Johan David	1762-1819	Flintenberg, Johan David (1762-1819)	1762	1819	 1
Nohrborg, Daniel	1739-1819	Nohrborg, Daniel (1739-1819)	1739	1819	 1
Cederborg, Hans Philip	1744-1816	Cederborg, Hans Philip (1744-1816)	1744	1816	 1
Herweghr, Daniel	1720-87	Herweghr, Daniel (1720-1787)	1720	1787	 1
Knös, Gustaf	1773-1828	Knös, Gustaf (1773-1828)	1773	1828	 1
Bauer, Johann Christian August	1766-1813	Bauer, Johann Christian August (1766-1813)	1766	1813	 1
Dahlgren, Carl Fredric	1791-1844	Dahlgren, Carl Fredric (1791-1844)	1791	1844	 1
Campan, Jeanne-Louise-Henriette	1752-1822	Campan, Jeanne-louise-henriette (1752-1822)	1752	1822	 1
Hällström, Carl Petter	1774-1836	Hällström, Carl Petter (1774-1836)	1774	1836	 1
Odhelius, Johan Lorens	1737-1816	Odhelius, Johan Lorens (1737-1816)	1737	1816	 1
Oest, Johann Friedrich	1755-1815	Oest, Johann Friedrich (1755-1815)	1755	1815	 1
Oxelberg, Pehr	1752-1821	Oxelberg, Pehr (1752-1821)	1752	1821	 1
Synnerberg, Lars Nilsson	1738-?	Synnerberg, Lars Nilsson (1738-NA)	1738	NA	 1
Thun, Josef	1661-1721	Thun, Josef (1661-1721)	1661	1721	 1
Stenhammar, Matthias	1766-1845	Stenhammar, Matthias (1766-1845)	1766	1845	 1
Brenner, Elias	1647-1717	Brenner, Elias (1647-1717)	1647	1717	 1
Sellander, Magnus	1743-1828	Sellander, Magnus (1743-1828)	1743	1828	 1
Rudbeckius, Petrus Johannis	1625-1701	Rudbeckius, Petrus Johannis (1625-1701)	1625	1701	 1
Pontin, Magnus af	1781-1858	Pontin, Magnus Af (1781-1858)	1781	1858	 1
Buttmann, Philipp	1764-1829	Buttmann, Philipp (1764-1829)	1764	1829	 1
Hagelsten, Sven Magni	d. 1670	Hagelsten, Sven Magni (1670-NA)	1670	NA	 1
Löwegren, Georg	1775-1833	Löwegren, Georg (1775-1833)	1775	1833	 1
Livijn, Clas	1781-1844	Livijn, Clas (1781-1844)	1781	1844	 1
Hagerup, Eiler	1718-1789	Hagerup, Eiler (1718-1789)	1718	1789	 1
Hydrén, Lars	1694-1789	Hydrén, Lars (1694-1789)	1694	1789	 1
Meissner, August Gottlieb	1753-1807	Meissner, August Gottlieb (1753-1807)	1753	1807	 1
Hellman, Andreas	1719-1799	Hellman, Andreas (1719-1799)	1719	1799	 1
Miller, Johann Peter	1725-1789	Miller, Johann Peter (1725-1789)	1725	1789	 1
Pope, Alexander	1688-1744	Pope, Alexander (1688-1744)	1688	1744	 1
Båld, Anders	1679-1751	Båld, Anders (1679-1751)	1679	1751	 1
Bremer, Fredrika	1801-1865	Bremer, Fredrika (1801-1865)	1801	1865	 1
Neumann, Jacob	1772-1848	Neumann, Jacob (1772-1848)	1772	1848	 1
Henschen, Erasmus Gabriel	1756-1825	Henschen, Erasmus Gabriel (1756-1825)	1756	1825	 1
d'Albedyhll, Gustaf	1758-1819	D'albedyhll, Gustaf (1758-1819)	1758	1819	 1
Frondin, Elias	1686-1761	Frondin, Elias (1686-1761)	1686	1761	 1
Brunius, Carl Georg	1792-1869	Brunius, Carl Georg (1792-1869)	1792	1869	 1
Hersleb, Peder	1689-1757	Hersleb, Peder (1689-1757)	1689	1757	 1
Herder, Johann Gottfried von	1744-1803	Herder, Johann Gottfried Von (1744-1803)	1744	1803	 1
Wingård, Johan Didrik af	1778-1854	Wingård, Johan Didrik Af (1778-1854)	1778	1854	 1
Parmentier, Antoine Augustin	1737-1813	Parmentier, Antoine Augustin (1737-1813)	1737	1813	 1
Weikard, Melchior Adam	1742-1803	Weikard, Melchior Adam (1742-1803)	1742	1803	 1
Ahlqvist, Pehr	1793-1854	Ahlqvist, Pehr (1793-1854)	1793	1854	 1
Örbom, Anders Gustaf	1753-1794	örbom, Anders Gustaf (1753-1794)	1753	1794	 1
Engeström, Jonas Albin	1787-1846	Engeström, Jonas Albin (1787-1846)	1787	1846	 1
Horatius Flaccus, Quintus	65-8 f. Kr.	Horatius Flaccus, Quintus	NA	NA	 1
Döbeln, Johan Jacob von	1674-1743	Döbeln, Johan Jacob Von (1674-1743)	1674	1743	 1
Gouge, Thomas	1609-81	Gouge, Thomas (1609-1681)	1609	1681	 1
Lindeskog, Peter Eriksson	1766-1821	Lindeskog, Peter Eriksson (1766-1821)	1766	1821	 1
Rabe, Casten	1770-1836	Rabe, Casten (1770-1836)	1770	1836	 1
Wetterstedt, Gustaf af	1776-1837	Wetterstedt, Gustaf Af (1776-1837)	1776	1837	 1
Morström, Anders	1784-1830	Morström, Anders (1784-1830)	1784	1830	 1
Gottmarck, Johan	1726-1812	Gottmarck, Johan (1726-1812)	1726	1812	 1
Osbeck, Carl Gustaf	1766-1841	Osbeck, Carl Gustaf (1766-1841)	1766	1841	 1
Liljensparre, Henrik	1738-1814	Liljensparre, Henrik (1738-1814)	1738	1814	 1
Westerstedt, Gudmund	1727-1801	Westerstedt, Gudmund (1727-1801)	1727	1801	 1
Klefberg, Petrus	1681-1741	Klefberg, Petrus (1681-1741)	1681	1741	 1
Lundblad, Sven	1776-1837	Lundblad, Sven (1776-1837)	1776	1837	 1
Koch, Christophe Guillaume de	1737-1813	Koch, Christophe Guillaume De (1737-1813)	1737	1813	 1
Ståhl, Magnus Laurentius	1761-1843	Ståhl, Magnus Laurentius (1761-1843)	1761	1843	 1
Höpken, Daniel Niclas von	1669-1741	Höpken, Daniel Niclas Von (1669-1741)	1669	1741	 1
Stricker, Johan Christopher	1726-92	Stricker, Johan Christopher (1726-1792)	1726	1792	 1
Nicander, Henrik	1744-1815	Nicander, Henrik (1744-1815)	1744	1815	 1
Nyberg, Hindric	1771-1847	Nyberg, Hindric (1771-1847)	1771	1847	 1
Klefbeck, Johan	1721-1784	Klefbeck, Johan (1721-1784)	1721	1784	 1
Bringius, Johannes Nicolai	d. 1668	Bringius, Johannes Nicolai (1668-NA)	1668	NA	 1
Fresenius, Johann Philipp	1705-1761	Fresenius, Johann Philipp (1705-1761)	1705	1761	 1
Giese, Albert	l.1742	Giese, Albert (1742-NA)	1742	NA	 1
Burney, Fanny	1752-1840	Burney, Fanny (1752-1840)	1752	1840	 1
Gerss, Jan Eric	1747-1808	Gerss, Jan Eric (1747-1808)	1747	1808	 1
Silverstolpe, Axel Gabriel	1762-1816	Silverstolpe, Axel Gabriel (1762-1816)	1762	1816	 1
Hoorn, Johan von	1662-1724	Hoorn, Johan Von (1662-1724)	1662	1724	 1
Rönbeck, Jöns	1685-1740	Rönbeck, Jöns (1685-1740)	1685	1740	 1
Calén, Daniel	1755-1825	Calén, Daniel (1755-1825)	1755	1825	 1
Renhorn, Olof Bidenius	1706-1764	Renhorn, Olof Bidenius (1706-1764)	1706	1764	 1
Arctopolitanus, Gabriel Gregorii	d. 1682	Arctopolitanus, Gabriel Gregorii (1630-1682)	1630	1682	 1
Adlerstam, Magnus	1717-1803	Adlerstam, Magnus (1717-1803)	1717	1803	 1
Kolmodin, Erik	1630-t.-1665	Kolmodin, Erik (1630-1665)	1630	1665	 1
Sperling, Johann	1603-1658	Sperling, Johann (1603-1658)	1603	1658	 1
Waller, Eric	1732-1811	Waller, Eric (1732-1811)	1732	1811	 1
Tavaststjerna, Carl Gustaf	1774-1855	Tavaststjerna, Carl Gustaf (1774-1855)	1774	1855	 1
Apelblad, Jonas	1718-86	Apelblad, Jonas (1718-1786)	1718	1786	 1
Hauff, Wilhelm	1802-1827	Hauff, Wilhelm (1802-1827)	1802	1827	 1
Humble, Christopher	1692-1773	Humble, Christopher (1692-1773)	1692	1773	 1
Block, Johan Adolf	1796-1822	Block, Johan Adolf (1796-1822)	1796	1822	 1
Soilander, Pehr	1716-1792	Soilander, Pehr (1716-1792)	1716	1792	 1
Glaser, Petrus	1500-t.	Glaser, Petrus (1500-NA)	1500	NA	 1
Franzen, Frans Michael	1772-1847	Franzen, Frans Michael (1772-1847)	1772	1847	 1
Mallet du Pan, Jacques	1749-1800	Mallet Du Pan, Jacques (1749-1800)	1749	1800	 1
Feilitzen, Carl Fredrik Johan von	02-77	Feilitzen, Carl Fredrik Johan Von	NA	NA	 1
Biörnstierna, Johan	1729-1797	Biörnstierna, Johan (1729-1797)	1729	1797	 1
Montesquieu, Charles Louis de Secondat	1689-1755	Montesquieu, Charles Louis De Secondat (1689-1755)	1689	1755	 1
Paterson, John	1776-1855	Paterson, John (1776-1855)	1776	1855	 1
Elmlund, Johan Fredrik	1794-1858	Elmlund, Johan Fredrik (1794-1858)	1794	1858	 1
Lallærus, Magnus Magni	1600-t.	Lallærus, Magnus Magni (1600-NA)	1600	NA	 1
Laurel, Lars	1705-1793	Laurel, Lars (1705-1793)	1705	1793	 1
Kolmodin, Olof	1690-1753	Kolmodin, Olof (1690-1753)	1690	1753	 1
Nordstedt, Gustaf	1683-1757	Nordstedt, Gustaf (1683-1757)	1683	1757	 1
Palmeer, Andreas	1710-83	Palmeer, Andreas (1710-1783)	1710	1783	 1
Wadström, Carl Niclas	1708-1793	Wadström, Carl Niclas (1708-1793)	1708	1793	 1
Svedelius, Jacob	1693-1763	Svedelius, Jacob (1693-1763)	1693	1763	 1
Spalding, Johann Joachim	1714-1804	Spalding, Johann Joachim (1714-1804)	1714	1804	 1
Acerbi, Giuseppe	1773-1846	Acerbi, Giuseppe (1773-1846)	1773	1846	 1
Afzelius, Adam	1750-1837	Afzelius, Adam (1750-1837)	1750	1837	 1
Spak, Olof	1741-1806	Spak, Olof (1741-1806)	1741	1806	 1
Stenhagen, Peter	1711-72	Stenhagen, Peter (1711-1772)	1711	1772	 1
Nilsson, Tufwe	1785-1855	Nilsson, Tufwe (1785-1855)	1785	1855	 1
Michael Johannis	1600-t.	Johannis, Michael (1600-NA)	1600	NA	 1
Dodsley, Robert	1703-1764.	Dodsley, Robert (1703-1764)	1703	1764	 1
Tiällmann, Nils	1652-1718	Tiällmann, Nils (1652-1718)	1652	1718	 1
Jakob	1566-1625	Jakob,  (1566-1625)	1566	1625	 1
Moliz, Johan	1711-1757	Moliz, Johan (1711-1757)	1711	1757	 1
Blomdahl, Johan Ulric	1762-1836	Blomdahl, Johan Ulric (1762-1836)	1762	1836	 1
Silfversparre, Gustaf Ulric	1760-1829	Silfversparre, Gustaf Ulric (1760-1829)	1760	1829	 1
Mickel, Johann Friedrich	1680-1752	Mickel, Johann Friedrich (1680-1752)	1680	1752	 1
Santesson, Jöns Bernhard	1727-1809	Santesson, Jöns Bernhard (1727-1809)	1727	1809	 1
Krook, Samuel	1661-1716	Krook, Samuel (1661-1716)	1661	1716	 1
Defoe, Daniel	1661?-1731	Defoe, Daniel (1661-1731)	1661	1731	 1
Widekindi, Johan	1618?-1678	Widekindi, Johan (1618-1678)	1618	1678	 1
Siberg, Anders	1724-94	Siberg, Anders (1724-1794)	1724	1794	 1
Silfversparre, Nils Harald	1722-96	Silfversparre, Nils Harald (1722-1796)	1722	1796	 1
Hume, David	1711-1776	Hume, David (1711-1776)	1711	1776	 1
Tingstadius, Johan Adam	1748-1827	Tingstadius, Johan Adam (1748-1827)	1748	1827	 1
Fougdonius, Josephus Matthiae	1562-1656	Fougdonius, Josephus Matthiae (1562-1656)	1562	1656	 1
Cringelius, Enoch Haqvini	1599-1632	Cringelius, Enoch Haqvini (1599-1632)	1599	1632	 1
Sørensen, Niels	1607-1677	Sørensen, Niels (1607-1677)	1607	1677	 1
Hörbeck, Johan Peter	1787-1857	Hörbeck, Johan Peter (1787-1857)	1787	1857	 1
Marsollier des Vivetières, Benoît Joseph	1750-1817	Marsollier Des Vivetières, Benoît Joseph (1750-1817)	1750	1817	 1
Leffler, Niclas	1775-1828	Leffler, Niclas (1775-1828)	1775	1828	 1
Kollbecchius, Petrus Jonae	1625-1680	Kollbecchius, Petrus Jonae (1625-1680)	1625	1680	 1
Hellzén, Pehr	1744-1811	Hellzén, Pehr (1744-1811)	1744	1811	 1
Wingård, Carl Fredrik af	1781-1851	Wingård, Carl Fredrik Af (1781-1851)	1781	1851	 1
Hill, Matthew Davenport	1792-1872	Hill, Matthew Davenport (1792-1872)	1792	1872	 1
Bunth, Christopher Daniel	1761-1831	Bunth, Christopher Daniel (1761-1831)	1761	1831	 1
Stridsberg, Carl	1755-1819	Stridsberg, Carl (1755-1819)	1755	1819	 1
Cabiljau, Johannes	1600-1652	Cabiljau, Johannes (1600-1652)	1600	1652	 1
Lagerberg, Lars Herman	1736-1777	Lagerberg, Lars Herman (1736-1777)	1736	1777	 1
Alsinius, Christiernus Henrici	d. 1659	Alsinius, Christiernus Henrici (1659-NA)	1659	NA	 1
Nemesios	300-talet	Nemesios, 	NA	NA	 1
Mikael	1640-1673	Mikael,  (1640-1673)	1640	1673	 1
Chemnitz, Bogislaus Philipp von	1605-1678	Chemnitz, Bogislaus Philipp Von (1605-1678)	1605	1678	 1
Schröder, Eric	1727-97	Schröder, Eric (1727-1797)	1727	1797	 1
Bure, Olof	1578-1655	Bure, Olof (1578-1655)	1578	1655	 1
Papke, Carl	1687-1740	Papke, Carl (1687-1740)	1687	1740	 1
Alexander	1777-1825	Alexander,  (1777-1825)	1777	1825	 1
Rabenius, Olof	1730-1772	Rabenius, Olof (1730-1772)	1730	1772	 1
Florinus, Henricus Matthiae	1633?-1705	Florinus, Henricus Matthiae (1633-1705)	1633	1705	 1
Tholander, Per Wilhelm	1770-1815	Tholander, Per Wilhelm (1770-1815)	1770	1815	 1
Olafsen, John	1731-1811	Olafsen, John (1731-1811)	1731	1811	 1
Gyllenhöök, Carl Gustaf	1715-1749	Gyllenhöök, Carl Gustaf (1715-1749)	1715	1749	 1
Wijkström, Anders	1726-63	Wijkström, Anders (1726-1763)	1726	1763	 1
Odhelius, Ericus Haquini	1620-1666	Odhelius, Ericus Haquini (1620-1666)	1620	1666	 1
Gadolin, Johan	1760-1852	Gadolin, Johan (1760-1852)	1760	1852	 1
Dubb, Jonas	1739-1823	Dubb, Jonas (1739-1823)	1739	1823	 1
Segerman, Lars	1765-1853	Segerman, Lars (1765-1853)	1765	1853	 1
Stoltz, Matthias	1768-1814	Stoltz, Matthias (1768-1814)	1768	1814	 1
Jünger, Johann Friedrich	1759-1797	Jünger, Johann Friedrich (1759-1797)	1759	1797	 1
Malm, Alexander	1748-1801	Malm, Alexander (1748-1801)	1748	1801	 1
Bergh, Ericus Benedicti	1600-t.	Bergh, Ericus Benedicti (1600-NA)	1600	NA	 1
Hasselgren, Henricus Petri	d. 1698	Hasselgren, Henricus Petri (1698-NA)	1698	NA	 1
Linderot, Lars	1761-1811	Linderot, Lars (1761-1811)	1761	1811	 1
Harms, Claus	1778-1855	Harms, Claus (1778-1855)	1778	1855	 1
Limnell, Abraham Niclas	1791-1834	Limnell, Abraham Niclas (1791-1834)	1791	1834	 1
Ragotzky, Karl August	d. 1823	Ragotzky, Karl August (1823-NA)	1823	NA	 1
Qvirsfeld, Johann	1642-1686	Qvirsfeld, Johann (1642-1686)	1642	1686	 1
Antipapius, Theophilus	1600-t.	Antipapius, Theophilus (1600-NA)	1600	NA	 1
Essen, Fredric Ulric von	1721-1781	Essen, Fredric Ulric Von (1721-1781)	1721	1781	 1
Stiernsparre, Axel Magnus	1721-1792	Stiernsparre, Axel Magnus (1721-1792)	1721	1792	 1
Bergvall, Mårten	1782-1852	Bergvall, Mårten (1782-1852)	1782	1852	 1
Lithovius, Isaac	1677-1730	Lithovius, Isaac (1677-1730)	1677	1730	 1
Enebom, Gustaf	1721-1796	Enebom, Gustaf (1721-1796)	1721	1796	 1
Beer, Wolfgang Dominicus	1640-1675	Beer, Wolfgang Dominicus (1640-1675)	1640	1675	 1
Cederström, Claes	1726-78	Cederström, Claes (1726-1778)	1726	1778	 1
Svanholm, Anna Kajsa	?-1791	Svanholm, Anna Kajsa (NA-1791)	NA	1791	 1
Breckling, Friedrich	1629-1711	Breckling, Friedrich (1629-1711)	1629	1711	 1
Ingman, Jonas	1713-86	Ingman, Jonas (1713-1786)	1713	1786	 1
Arrhenius, Lars	1680-1730	Arrhenius, Lars (1680-1730)	1680	1730	 1
Nordblad, Carl	1778-1855	Nordblad, Carl (1778-1855)	1778	1855	 1
Maton de la Varenne, Pierre Anne Louis de	1760?-1813	Maton De La Varenne, Pierre Anne Louis De (1760-1813)	1760	1813	 1
Zeipel, Carl von	1793-1849	Zeipel, Carl Von (1793-1849)	1793	1849	 1
Tieck, Ludwig	1773-1853	Tieck, Ludwig (1773-1853)	1773	1853	 1
Isopedius, Elias Petri	1613-1693	Isopedius, Elias Petri (1613-1693)	1613	1693	 1
Bugge, Thomas	1740-1815	Bugge, Thomas (1740-1815)	1740	1815	 1
Lundberg, Peter	1713-1787	Lundberg, Peter (1713-1787)	1713	1787	 1
Kolmodin, Olof	1766-1838	Kolmodin, Olof (1766-1838)	1766	1838	 1
Castera, Jean Henri	1749-1838	Castera, Jean Henri (1749-1838)	1749	1838	 1
Stenholm, Carl	1752-1783	Stenholm, Carl (1752-1783)	1752	1783	 1
Jonas Petri Gothus	1587-1644	Gothus, Jonas (1587-1644)	1587	1644	 1
Herbst, Emanuel Jacob	1749-1806	Herbst, Emanuel Jacob (1749-1806)	1749	1806	 1
Kühn, Friederike Henriette	1779-1803	Kühn, Friederike Henriette (1779-1803)	1779	1803	 1
Spangenberg, Johann	1484-1550	Spangenberg, Johann (1484-1550)	1484	1550	 1
Thersner, Ulrik	1779-1828	Thersner, Ulrik (1779-1828)	1779	1828	 1
Kellgren, Johan Henric	1751-1795	Kellgren, Johan Henric (1751-1795)	1751	1795	 1
Elvius, Pehr	1660-1718	Elvius, Pehr (1660-1718)	1660	1718	 1
Richardson, Samuel	1689-1761	Richardson, Samuel (1689-1761)	1689	1761	 1
Alrot, Eric	1693-1751	Alrot, Eric (1693-1751)	1693	1751	 1
Benckert, Carl Henrik	1750-1826	Benckert, Carl Henrik (1750-1826)	1750	1826	 1
Hyller, Martin	1575-1651	Hyller, Martin (1575-1651)	1575	1651	 1
Gother, Engelbert	1793-1833	Gother, Engelbert (1793-1833)	1793	1833	 1
Sundström, Johan Jacob	1760-1829	Sundström, Johan Jacob (1760-1829)	1760	1829	 1
Darelli, Johan Anders af	1718-80	Darelli, Johan Anders Af (1718-1780)	1718	1780	 1
Bodelius, Daniel	1662-1723	Bodelius, Daniel (1662-1723)	1662	1723	 1
Schick, Johan	1709?-1755	Schick, Johan (1709-1755)	1709	1755	 1
Weidman, Pehr Gottfrid	1743-1821	Weidman, Pehr Gottfrid (1743-1821)	1743	1821	 1
Schröder, Herman	1676-1744	Schröder, Herman (1676-1744)	1676	1744	 1
Tranefelt, Johan Werner	1730-1806	Tranefelt, Johan Werner (1730-1806)	1730	1806	 1
Benzelius, Jacob	1683-1747	Benzelius, Jacob (1683-1747)	1683	1747	 1
Müller, Johannes von	1752-1809	Müller, Johannes Von (1752-1809)	1752	1809	 1
Valtinson, Adrian	1721-1801	Valtinson, Adrian (1721-1801)	1721	1801	 1
Adler Salvius, Johan	1590-1652	Adler Salvius, Johan (1590-1652)	1590	1652	 1
Wallerius, Nils	1706-1764	Wallerius, Nils (1706-1764)	1706	1764	 1
Falck, Carl Gustaf	?-1792	Falck, Carl Gustaf (NA-1792)	NA	1792	 1
Burman, Gerhard von	1653-1701	Burman, Gerhard Von (1653-1701)	1653	1701	 1
Engeström, Gustaf von	1738-1813.	Engeström, Gustaf Von (1738-1813)	1738	1813	 1
Kexerus, Petrus	1691-1745	Kexerus, Petrus (1691-1745)	1691	1745	 1
Wagener, Samuel Christoph	1762-1845	Wagener, Samuel Christoph (1762-1845)	1762	1845	 1
Torpadius, Johan Israel	1722-1760	Torpadius, Johan Israel (1722-1760)	1722	1760	 1
Troilius, Magnus	1704-1762	Troilius, Magnus (1704-1762)	1704	1762	 1
Fåhraeus, Olof Johansson	1759-1819	Fåhraeus, Olof Johansson (1759-1819)	1759	1819	 1
Lysén, Leonard Gabriel	1775-1844	Lysén, Leonard Gabriel (1775-1844)	1775	1844	 1
Fallén, Carl Fredrik	1764-1830.	Fallén, Carl Fredrik (1764-1830)	1764	1830	 1
Tuneld, Eric	1709-1788	Tuneld, Eric (1709-1788)	1709	1788	 1
Eberhardt, Johan Hartman	1727-1796	Eberhardt, Johan Hartman (1727-1796)	1727	1796	 1
Fredrik	1676-1751	Fredrik,  (1676-1751)	1676	1751	 1
Humerus, Zacharias Laurentii	d. 1650	Humerus, Zacharias Laurentii (1650-NA)	1650	NA	 1
Fröberg, Johan Petter	1782-1826	Fröberg, Johan Petter (1782-1826)	1782	1826	 1
Plagemann, Johann Joachim Friedrich	1740-1806	Plagemann, Johann Joachim Friedrich (1740-1806)	1740	1806	 1
Lewis, Matthew Gregory	1775-1818	Lewis, Matthew Gregory (1775-1818)	1775	1818	 1
Hallman, Daniel	1722-1782	Hallman, Daniel (1722-1782)	1722	1782	 1
Sandel, Andreas	1671-1744	Sandel, Andreas (1671-1744)	1671	1744	 1
Skjöldebrand, Anders Fredrik	1757-1834	Skjöldebrand, Anders Fredrik (1757-1834)	1757	1834	 1
Weltzin, Carolin	1754-1812	Weltzin, Carolin (1754-1812)	1754	1812	 1
Coxe, William	1748-1828	Coxe, William (1748-1828)	1748	1828	 1
Silfversparre, Lars Johan	1700-54	Silfversparre, Lars Johan (1700-1754)	1700	1754	 1
Milner, Joseph	1744-97	Milner, Joseph (1744-1797)	1744	1797	 1
Trafvenfelt, Eric Carl	1774-1835	Trafvenfelt, Eric Carl (1774-1835)	1774	1835	 1
Deckberg, Olof	1696-1787	Deckberg, Olof (1696-1787)	1696	1787	 1
Fuss, Nikolaj Ivanovič	1755-1826	Fuss, Nikolaj Ivanovič (1755-1826)	1755	1826	 1
Cedercreutz, Herman	1684-1754	Cedercreutz, Herman (1684-1754)	1684	1754	 1
Andrén, Jacob	1723-1777	Andrén, Jacob (1723-1777)	1723	1777	 1
Lagergren, Jonas Johan	1759-1833	Lagergren, Jonas Johan (1759-1833)	1759	1833	 1
Andrieux, François Guillaume Jean Stanislas	1759-1833	Andrieux, François Guillaume Jean Stanislas (1759-1833)	1759	1833	 1
Arndt, Ernst Moritz	1769-1860	Arndt, Ernst Moritz (1769-1860)	1769	1860	 1
Rosenadler, Johan	1664-1743	Rosenadler, Johan (1664-1743)	1664	1743	 1
Faxe, Arvid	1733-1793	Faxe, Arvid (1733-1793)	1733	1793	 1
Liedbeck, Lars	1707-1762	Liedbeck, Lars (1707-1762)	1707	1762	 1
Fritze, Johann Friedrich	1735-1807	Fritze, Johann Friedrich (1735-1807)	1735	1807	 1
Carelius, Olaus Petri	1702-1758	Carelius, Olaus Petri (1702-1758)	1702	1758	 1
Gezelius, Johannes	1647-1718	Gezelius, Johannes (1647-1718)	1647	1718	 1
Sundevall, Matthias	1763-1847	Sundevall, Matthias (1763-1847)	1763	1847	 1
Niemeyer, August Hermann	1754-1828	Niemeyer, August Hermann (1754-1828)	1754	1828	 1
Bernhard av Clairvaux	ca 1090-1153	Clairvaux, Bernhard (1090-1153)	1090	1153	 1
Hörling, Jonas	1729-84	Hörling, Jonas (1729-1784)	1729	1784	 1
Hvalström, Carl	1745-1785	Hvalström, Carl (1745-1785)	1745	1785	 1
Bartholin, Caspar	1585-1629	Bartholin, Caspar (1585-1629)	1585	1629	 1
Becker, Gotthelf Wilhelm Rupert	?-1823	Becker, Gotthelf Wilhelm Rupert (NA-1823)	NA	1823	 1
Spener, Philipp Jacob	1635-1705	Spener, Philipp Jacob (1635-1705)	1635	1705	 1
Warg, Cajsa	1703-1769	Warg, Cajsa (1703-1769)	1703	1769	 1
Thorinus, Jacobus Andreae	d. 1696	Thorinus, Jacobus Andreae (1696-NA)	1696	NA	 1
Engeström, Gustaf von	1738-1813	Engeström, Gustaf Von (1738-1813)	1738	1813	 1
Armbruster, Johan Michael	1761-1814	Armbruster, Johan Michael (1761-1814)	1761	1814	 1
Sommelius, Sven Gustaf	1769-1845	Sommelius, Sven Gustaf (1769-1845)	1769	1845	 1
Feuk, Petter	1733-1816	Feuk, Petter (1733-1816)	1733	1816	 1
Örnhjälm, Claudius	1627-1695	örnhjälm, Claudius (1627-1695)	1627	1695	 1
Wåhlin, Otto Christian	1746-1808	Wåhlin, Otto Christian (1746-1808)	1746	1808	 1
Rohlwes, Johann Nicolaus	1755-1823	Rohlwes, Johann Nicolaus (1755-1823)	1755	1823	 1
Adanson, Michel	1727-1806	Adanson, Michel (1727-1806)	1727	1806	 1
Hallager, Morten	1740-1803	Hallager, Morten (1740-1803)	1740	1803	 1
Sterne, Laurence	1713-1768	Sterne, Laurence (1713-1768)	1713	1768	 1
Shakespeare, William	1564-1616	Shakespeare, William (1564-1616)	1564	1616	 1
Thenstedt, Nathanael	1731-1808	Thenstedt, Nathanael (1731-1808)	1731	1808	 1
Nordell, Anders Lorentz	1750-1829	Nordell, Anders Lorentz (1750-1829)	1750	1829	 1
Sohm, Peter	1750-1819	Sohm, Peter (1750-1819)	1750	1819	 1
Blanxius, Christopher	1680-1730	Blanxius, Christopher (1680-1730)	1680	1730	 1
Casström, Samuel Niklas	1763-1827	Casström, Samuel Niklas (1763-1827)	1763	1827	 1
Casa, Johannes	1503-1556	Casa, Johannes (1503-1556)	1503	1556	 1
Giers, Eric Petter	1701-1780	Giers, Eric Petter (1701-1780)	1701	1780	 1
Haartman, Gustaf	1718-90	Haartman, Gustaf (1718-1790)	1718	1790	 1
Liljegren, Johan Gustaf	1791-1837.	Liljegren, Johan Gustaf (1791-1837)	1791	1837	 1
Morgan	1783-1859.	Morgan,  (1783-1859)	1783	1859	 1
Wieland, Christoph Martin	1733-1813	Wieland, Christoph Martin (1733-1813)	1733	1813	 1
Swift, Jonathan	1667-1745	Swift, Jonathan (1667-1745)	1667	1745	 1
Wallenberg, Marcus	1774-1833	Wallenberg, Marcus (1774-1833)	1774	1833	 1
Colling, Johan	1645-1714	Colling, Johan (1645-1714)	1645	1714	 1
Wallén, Jeremias	1693-1772	Wallén, Jeremias (1693-1772)	1693	1772	 1
Rydelius, Magnus	1676-1742	Rydelius, Magnus (1676-1742)	1676	1742	 1
Hogengård, Petrus Matthiæ	1600-t.	Hogengård, Petrus Matthiæ (1600-NA)	1600	NA	 1
Lund, Christian	1727?-95	Lund, Christian (1727-1795)	1727	1795	 1
Lundelius, Anders	1659-1720	Lundelius, Anders (1659-1720)	1659	1720	 1
Fabricius, Johannes	ca 1600	Fabricius, Johannes (1600-NA)	1600	NA	 1
Picquenard, Jean-Baptiste	1771?-1826	Picquenard, Jean-baptiste (1771-1826)	1771	1826	 1
Askengren, Johan Gustaf	1783-1858	Askengren, Johan Gustaf (1783-1858)	1783	1858	 1
Hederström, Carl Magnus	1782-1869	Hederström, Carl Magnus (1782-1869)	1782	1869	 1
Schefferus, Johannes	1621-1679	Schefferus, Johannes (1621-1679)	1621	1679	 1
Hambraeus, Lars	1750-1810	Hambraeus, Lars (1750-1810)	1750	1810	 1
Stierneman, Olof von	1725-1808	Stierneman, Olof Von (1725-1808)	1725	1808	 1
Flachsén, Johan Peter	?-1732	Flachsén, Johan Peter (NA-1732)	NA	1732	 1
Lagerström, Magnus	1691-1759	Lagerström, Magnus (1691-1759)	1691	1759	 1
Gustav	1778-1837	Gustav,  (1778-1837)	1778	1837	 1
Gessner, Georg	1765-1843	Gessner, Georg (1765-1843)	1765	1843	 1
Ludwig, Daniel	1625-1680	Ludwig, Daniel (1625-1680)	1625	1680	 1
Valerius, Johan David	1776-1852	Valerius, Johan David (1776-1852)	1776	1852	 1
Boisen, Peter Outzen	1762-1831	Boisen, Peter Outzen (1762-1831)	1762	1831	 1
Prahl, Niels	1724-92	Prahl, Niels (1724-1792)	1724	1792	 1
Fleming, Claes Adolph	1771-1831	Fleming, Claes Adolph (1771-1831)	1771	1831	 1
Beckner, Johan	1697-1754	Beckner, Johan (1697-1754)	1697	1754	 1
Falck, Johan Peter	1732-1774	Falck, Johan Peter (1732-1774)	1732	1774	 1
Schröderheim, Elis	1747-1795	Schröderheim, Elis (1747-1795)	1747	1795	 1
Fellenius, Jonas Reinhold	1761-1834	Fellenius, Jonas Reinhold (1761-1834)	1761	1834	 1
Lavin, Joseph	1724-1782	Lavin, Joseph (1724-1782)	1724	1782	 1
Unzer, Johann August	1727-99	Unzer, Johann August (1727-1799)	1727	1799	 1
Riddermarck, Andreas	1651-1707	Riddermarck, Andreas (1651-1707)	1651	1707	 1
Hunter, John	1737-1821	Hunter, John (1737-1821)	1737	1821	 1
Schubert, Gotthilf Heinrich von	1780-1860	Schubert, Gotthilf Heinrich Von (1780-1860)	1780	1860	 1
Bock, Petrus Jonæ	d. 1654	Bock, Petrus Jonæ (1654-NA)	1654	NA	 1
Hagström, Carl P	1743-1807	Hagström, Carl P (1743-1807)	1743	1807	 1
Bäck, Abraham	1713-1795	Bäck, Abraham (1713-1795)	1713	1795	 1
Ihre, Lars Petter	1790-1833	Ihre, Lars Petter (1790-1833)	1790	1833	 1
Troilius, Samuel	1706-1764	Troilius, Samuel (1706-1764)	1706	1764	 1
Depkin, Liborius	1652-1708	Depkin, Liborius (1652-1708)	1652	1708	 1
Bellman, Carl Michael	1740-1795	Bellman, Carl Michael (1740-1795)	1740	1795	 1
Heidenreich, Esaias	1532-1589	Heidenreich, Esaias (1532-1589)	1532	1589	 1
Comenius, Johann Amos	1592-1670	Comenius, Johann Amos (1592-1670)	1592	1670	 1
Salander, Eric	1699-1764	Salander, Eric (1699-1764)	1699	1764	 1
Thunman, Hans	1746-1778	Thunman, Hans (1746-1778)	1746	1778	 1
Nyrén, Carl	1726-1789	Nyrén, Carl (1726-1789)	1726	1789	 1
Ullman, Erik Erland	1749-1821	Ullman, Erik Erland (1749-1821)	1749	1821	 1
Frölich, David Harald	1753-1835	Frölich, David Harald (1753-1835)	1753	1835	 1
Inchbald, Elizabeth	1753-1821	Inchbald, Elizabeth (1753-1821)	1753	1821	 1
Lagerbring, Sven	1707-1787.	Lagerbring, Sven (1707-1787)	1707	1787	 1
Silfverstedt, Märta	1740-1795	Silfverstedt, Märta (1740-1795)	1740	1795	 1
Happach, Lorenz Philipp Gottfried	1742-1814	Happach, Lorenz Philipp Gottfried (1742-1814)	1742	1814	 1
Kingo, Thomas	1634-1703	Kingo, Thomas (1634-1703)	1634	1703	 1
Lyth, Henrik	1782-1859	Lyth, Henrik (1782-1859)	1782	1859	 1
Swebilius, Georg	1669-1731	Swebilius, Georg (1669-1731)	1669	1731	 1
Köler, Johann	1641-1712	Köler, Johann (1641-1712)	1641	1712	 1
Aurén, Pehr	1761-1842	Aurén, Pehr (1761-1842)	1761	1842	 1
Wahlbom, Johan Gustaf	1724-1808	Wahlbom, Johan Gustaf (1724-1808)	1724	1808	 1
Hellens, Carl Niclas von	1745-1820	Hellens, Carl Niclas Von (1745-1820)	1745	1820	 1
Virgin, Johan Bernhard	1705-1783	Virgin, Johan Bernhard (1705-1783)	1705	1783	 1
Menabenus, Apollonius	1500-talet	Menabenus, Apollonius (1500-NA)	1500	NA	 1
Richmond, Legh	1772-1827	Richmond, Legh (1772-1827)	1772	1827	 1
Helme, Elizabeth	?-1816	Helme, Elizabeth (NA-1816)	NA	1816	 1
Cato, Marcus Porcius	234-149 f.Kr.	Cato, Marcus Porcius	NA	NA	 1
Müller, Carl	1778-e.1830	Müller, Carl (1778-1830)	1778	1830	 1
Schulz, Joachim Christoph Friedrich	1762-1798	Schulz, Joachim Christoph Friedrich (1762-1798)	1762	1798	 1
La Guérinière, François Robichon de	1688-1751	La Guérinière, François Robichon De (1688-1751)	1688	1751	 1
Brask, Hans	1464-1538	Brask, Hans (1464-1538)	1464	1538	 1
Lenaeus, Knut Nilsson	1688-1776	Lenaeus, Knut Nilsson (1688-1776)	1688	1776	 1
Floderus, Matthias	1766-1822	Floderus, Matthias (1766-1822)	1766	1822	 1
Freund, Marcus	1600-talet	Freund, Marcus (1600-NA)	1600	NA	 1
Berquin, Arnaud	1749-1791	Berquin, Arnaud (1749-1791)	1749	1791	 1
Retzius, Magnus Christian	1795-1871	Retzius, Magnus Christian (1795-1871)	1795	1871	 1
Ukert, Friedrich August	1780-1851	Ukert, Friedrich August (1780-1851)	1780	1851	 1
Romanson, Henrik Wilhelm	1776-1853	Romanson, Henrik Wilhelm (1776-1853)	1776	1853	 1
Giöding, Olof Justinus	1717-1767	Giöding, Olof Justinus (1717-1767)	1717	1767	 1
Trautzel, Daniel	ca 1660-1712	Trautzel, Daniel (1660-1712)	1660	1712	 1
Doddridge, Philip	1702-1751	Doddridge, Philip (1702-1751)	1702	1751	 1
Palmqvist, Fredrik	1720-1771	Palmqvist, Fredrik (1720-1771)	1720	1771	 1
Lauremberg, Peter	1585-1639	Lauremberg, Peter (1585-1639)	1585	1639	 1
Patkul, Johan Reinold	1660-1707	Patkul, Johan Reinold (1660-1707)	1660	1707	 1
Wadström, Lars Niclas	1740-94	Wadström, Lars Niclas (1740-1794)	1740	1794	 1
Grau, Daniel	1719-1788	Grau, Daniel (1719-1788)	1719	1788	 1
Martin, Roland	1726-1788	Martin, Roland (1726-1788)	1726	1788	 1
Lindblom, Jacob Axelsson	1746-1819	Lindblom, Jacob Axelsson (1746-1819)	1746	1819	 1
Örneklou, Per	ca 1635-ca 1701	örneklou, Per (1635-1701)	1635	1701	 1
Sjöström, Axel Gabriel	1794-1846	Sjöström, Axel Gabriel (1794-1846)	1794	1846	 1
Hallander, Stephan	?-1708	Hallander, Stephan (NA-1708)	NA	1708	 1
Kock, Carl Anton	1788-1843	Kock, Carl Anton (1788-1843)	1788	1843	 1
Kempenskiöld, Samuel	1599-1670	Kempenskiöld, Samuel (1599-1670)	1599	1670	 1
Rosinus, Richardus Richardi	d. 1676	Rosinus, Richardus Richardi (1676-NA)	1676	NA	 1
Pfeiff, Friedrich	1738-98	Pfeiff, Friedrich (1738-1798)	1738	1798	 1
Canning, George	1770-1827	Canning, George (1770-1827)	1770	1827	 1
Azara, Felix de	1746-1821	Azara, Felix De (1746-1821)	1746	1821	 1
Goede, Christian August Gottlieb	1774-1812	Goede, Christian August Gottlieb (1774-1812)	1774	1812	 1
Wahlström, Jonas	1774-1834	Wahlström, Jonas (1774-1834)	1774	1834	 1
Wessel, Johan Herman	1742-1785	Wessel, Johan Herman (1742-1785)	1742	1785	 1
Gibbon, Edward	1737-1794	Gibbon, Edward (1737-1794)	1737	1794	 1
Elizabet Petrovna	1709-1762	Petrovna, Elizabet (1709-1762)	1709	1762	 1
Lenz, Christian David	1720-1798	Lenz, Christian David (1720-1798)	1720	1798	 1
Barchaeus, Anders Gustaf	1735-1806	Barchaeus, Anders Gustaf (1735-1806)	1735	1806	 1
Aspegren, Gustaf Casten	1791-1828	Aspegren, Gustaf Casten (1791-1828)	1791	1828	 1
Heidenstam, Gustaf Daniel von	1784-1850	Heidenstam, Gustaf Daniel Von (1784-1850)	1784	1850	 1
Gutsmuths, Johann Christoph Friedrich	1759-1839	Gutsmuths, Johann Christoph Friedrich (1759-1839)	1759	1839	 1
Bruns, Paul Jakob	1743-1814	Bruns, Paul Jakob (1743-1814)	1743	1814	 1
Victorin, Andreas	1715-1784	Victorin, Andreas (1715-1784)	1715	1784	 1
Prätzel, Karl Gottlieb	1785-1861	Prätzel, Karl Gottlieb (1785-1861)	1785	1861	 1
Berch , Carl Reinhold	1706-1777	Berch, Carl Reinhold (1706-1777)	1706	1777	 1
Laurentius Nicolai	ca 1540-1622	Nicolai, Laurentius (1540-1622)	1540	1622	 1
Sjöbohm, David	1752-1789	Sjöbohm, David (1752-1789)	1752	1789	 1
Münter, Balthasar	1735-93	Münter, Balthasar (1735-1793)	1735	1793	 1
Bergnehr, Lars	1715-1781	Bergnehr, Lars (1715-1781)	1715	1781	 1
Torén, Olof	1718-1753	Torén, Olof (1718-1753)	1718	1753	 1
Strandberg, Olof	1721-1814	Strandberg, Olof (1721-1814)	1721	1814	 1
Boutauld, Michel	1607?-1688?	Boutauld, Michel (1607-1688)	1607	1688	 1
Zetzell, Pehr	1724-1802	Zetzell, Pehr (1724-1802)	1724	1802	 1
Adlerberg, Eric Gustaf	1738-1823	Adlerberg, Eric Gustaf (1738-1823)	1738	1823	 1
Wiberg, Magnus	1741-1807	Wiberg, Magnus (1741-1807)	1741	1807	 1
Manthey, Johan Daniel Timotheus	1771-1831	Manthey, Johan Daniel Timotheus (1771-1831)	1771	1831	 1
Carpelan, Simon Wilhelm	1731-1814	Carpelan, Simon Wilhelm (1731-1814)	1731	1814	 1
Seton, Alexander	1768-1828	Seton, Alexander (1768-1828)	1768	1828	 1
Bonsdorff, Petrus Adolphus von	1791-1839	Bonsdorff, Petrus Adolphus Von (1791-1839)	1791	1839	 1
Mouhy, Charles de Fieux	1701-1784	Mouhy, Charles De Fieux (1701-1784)	1701	1784	 1
Dalman, Johan Wilhelm	1787-1828	Dalman, Johan Wilhelm (1787-1828)	1787	1828	 1
Hamberg, Peter	1718-1765	Hamberg, Peter (1718-1765)	1718	1765	 1
Brandt, Georg	1694-1768	Brandt, Georg (1694-1768)	1694	1768	 1
Arnault, Antoine Vincent	1766-1834	Arnault, Antoine Vincent (1766-1834)	1766	1834	 1
Cederbom, Olof	1780-1856	Cederbom, Olof (1780-1856)	1780	1856	 1
Kolmodin, Israel	1643-1709	Kolmodin, Israel (1643-1709)	1643	1709	 1
Rollin, Charles	1661-1741	Rollin, Charles (1661-1741)	1661	1741	 1
Ristell, Carl Fredrik	1710-87	Ristell, Carl Fredrik (1710-1787)	1710	1787	 1
Mayer, Johann Friedrich	1650-1712	Mayer, Johann Friedrich (1650-1712)	1650	1712	 1
Rhodin, Peter Niclas	1791-1862	Rhodin, Peter Niclas (1791-1862)	1791	1862	 1
Liljencrants, Johan	1730-1815	Liljencrants, Johan (1730-1815)	1730	1815	 1
Scott, Walter	1771-1832.	Scott, Walter (1771-1832)	1771	1832	 1
Askegren, Andreas	1717-1794	Askegren, Andreas (1717-1794)	1717	1794	 1
Rosenhane, Gustaf	1619-1684	Rosenhane, Gustaf (1619-1684)	1619	1684	 1
Odhelius, Thore	1705-1777	Odhelius, Thore (1705-1777)	1705	1777	 1
Papst, Johann Georg Friedrich	1754-1821	Papst, Johann Georg Friedrich (1754-1821)	1754	1821	 1
Sévelinges, Charles Louis de	1767-1832	Sévelinges, Charles Louis De (1767-1832)	1767	1832	 1
Josephsson, Jonas	1742-90	Josephsson, Jonas (1742-1790)	1742	1790	 1
Hill, Carl Johan Danielsson	1793-1875	Hill, Carl Johan Danielsson (1793-1875)	1793	1875	 1
Janeway, James	1636?-1674	Janeway, James (1636-1674)	1636	1674	 1
Freind, John	1675-1728	Freind, John (1675-1728)	1675	1728	 1
Villars, Nicolas de Montfaucon de	1635-1673	Villars, Nicolas De Montfaucon De (1635-1673)	1635	1673	 1
Bergström, Johan Eric	1730-1794	Bergström, Johan Eric (1730-1794)	1730	1794	 1
Reinhard, Franz Volkmar	1753-1812	Reinhard, Franz Volkmar (1753-1812)	1753	1812	 1
Kähler, Ludwig August	1775-1855	Kähler, Ludwig August (1775-1855)	1775	1855	 1
Rosenmüller, Johann Georg	1736-1815	Rosenmüller, Johann Georg (1736-1815)	1736	1815	 1
Tersmeden, Carl	1715-1797	Tersmeden, Carl (1715-1797)	1715	1797	 1
Eberhard, Christoph	1675-1750	Eberhard, Christoph (1675-1750)	1675	1750	 1
Snellman, Henric	1780-1835	Snellman, Henric (1780-1835)	1780	1835	 1
Frosterus, Henrik	1727-1772	Frosterus, Henrik (1727-1772)	1727	1772	 1
Mathesius, Aron	1736-1808	Mathesius, Aron (1736-1808)	1736	1808	 1
Lanerius, Gabriel	1706?-1772	Lanerius, Gabriel (1706-1772)	1706	1772	 1
Björkegren, Jacob	1752-1825	Björkegren, Jacob (1752-1825)	1752	1825	 1
Horn, Clas Fredric	1763-1823	Horn, Clas Fredric (1763-1823)	1763	1823	 1
Carrion-Nisas, Marie Henri François Élisabeth de	1767-1841	Carrion-nisas, Marie Henri François élisabeth De (1767-1841)	1767	1841	 1
Klint, Gustaf af	1771-1840	Klint, Gustaf Af (1771-1840)	1771	1840	 1
Topp, Peter	1787-1869	Topp, Peter (1787-1869)	1787	1869	 1
Bodberg, Jonas	1710-48	Bodberg, Jonas (1710-1748)	1710	1748	 1
Bjugg, Mathias Jacob	1751-1807	Bjugg, Mathias Jacob (1751-1807)	1751	1807	 1
Swartz, Olof	1760-1818	Swartz, Olof (1760-1818)	1760	1818	 1
Halenius, Engelbert	1700-1767	Halenius, Engelbert (1700-1767)	1700	1767	 1
Bonnier, Adolph	1806-67	Bonnier, Adolph (1806-1867)	1806	1867	 1
Wollstonecraft, Mary	1759-1797	Wollstonecraft, Mary (1759-1797)	1759	1797	 1
Cederschiöld, Pehr Gustaf	1782-1848	Cederschiöld, Pehr Gustaf (1782-1848)	1782	1848	 1
Hierpe, Samuel	1700?-70	Hierpe, Samuel (1700-1770)	1700	1770	 1
Höök, Bengt	ca 1652-1726	Höök, Bengt (1652-1726)	1652	1726	 1
Restadius, Lars	1752-1832	Restadius, Lars (1752-1832)	1752	1832	 1
Socher, Joseph	1755-1834	Socher, Joseph (1755-1834)	1755	1834	 1
Dryselius, Erlandus Brodderi	1641-1708	Dryselius, Erlandus Brodderi (1641-1708)	1641	1708	 1
Tibell, Gustaf Wilhelm af	1772-1832	Tibell, Gustaf Wilhelm Af (1772-1832)	1772	1832	 1
Uraelius, Faderus Arvidi	d. ca 1662	Uraelius, Faderus Arvidi (1662-NA)	1662	NA	 1
Young, Edward	1683-1765	Young, Edward (1683-1765)	1683	1765	 1
Gyllenborg, Carl	1679-1746	Gyllenborg, Carl (1679-1746)	1679	1746	 1
Ling, Per Henrik	1776-1839	Ling, Per Henrik (1776-1839)	1776	1839	 1
Ibn al-Wardī, ʻUmar	d. 1457	Ibn Al-wardī, ʻumar (1457-NA)	1457	NA	 1
Lindegren, Carl	1770-1815	Lindegren, Carl (1770-1815)	1770	1815	 1
Cicero Marcus Tullius	106-43 f. Kr.	Tullius, Cicero	NA	NA	 1
Vellingk, Otto	1649-1708	Vellingk, Otto (1649-1708)	1649	1708	 1
Sjögren, Håkan	1727-1815	Sjögren, Håkan (1727-1815)	1727	1815	 1
Giese, Albert	l. 1742	Giese, Albert (1742-NA)	1742	NA	 1
Müller, Heinrich	1631-1675	Müller, Heinrich (1631-1675)	1631	1675	 1
Spegel, Haquin	1645-1714	Spegel, Haquin (1645-1714)	1645	1714	 1
Friedrich, Theodor Heinrich	1776-1819	Friedrich, Theodor Heinrich (1776-1819)	1776	1819	 1
Sagramoso, Michele Enrico	1720-91	Sagramoso, Michele Enrico (1720-1791)	1720	1791	 1
Berger, Christina Charlotta Ulrica	1784-1852	Berger, Christina Charlotta Ulrica (1784-1852)	1784	1852	 1
Schottenius, Petrus Johannis	1607-1667	Schottenius, Petrus Johannis (1607-1667)	1607	1667	 1
Westring, Johan Peter	1753-1833	Westring, Johan Peter (1753-1833)	1753	1833	 1
Geijger, Matthias	1600-t.	Geijger, Matthias (1600-NA)	1600	NA	 1
Åkerman, Fredrik Magnus	1754-1830	åkerman, Fredrik Magnus (1754-1830)	1754	1830	 1
Danckwardt, Carl Gustaf	1706-80	Danckwardt, Carl Gustaf (1706-1780)	1706	1780	 1
Anseaume, Louis	1720-1784	Anseaume, Louis (1720-1784)	1720	1784	 1
Löwing, Henric	1708-68	Löwing, Henric (1708-1768)	1708	1768	 1
Stiernman, Anders Anton von	1695-1765	Stiernman, Anders Anton Von (1695-1765)	1695	1765	 1
Palma, Jonas Germundi	ca 1580-1642	Palma, Jonas Germundi (1580-1642)	1580	1642	 1
Jersin, Jens Dinesen	1588-1634	Jersin, Jens Dinesen (1588-1634)	1588	1634	 1
Ekewall, Erland	1675?-1710	Ekewall, Erland (1675-1710)	1675	1710	 1
Gråberg, Olof	1716-1767	Gråberg, Olof (1716-1767)	1716	1767	 1
Hebenstreit, Johann Ernst	1703-1757	Hebenstreit, Johann Ernst (1703-1757)	1703	1757	 1
Holmberger, Lars Magnus	1790-1845	Holmberger, Lars Magnus (1790-1845)	1790	1845	 1
Cederbaum, Peter Christoffer	1733-95	Cederbaum, Peter Christoffer (1733-1795)	1733	1795	 1
Le Vaillant, François	1753-1824	Le Vaillant, François (1753-1824)	1753	1824	 1
Silvius, Elias	1731-1778	Silvius, Elias (1731-1778)	1731	1778	 1
Richardson, Jacob	1687-1759	Richardson, Jacob (1687-1759)	1687	1759	 1
Nisser, Samuel Conradsson	1760-1814	Nisser, Samuel Conradsson (1760-1814)	1760	1814	 1
Groth, Fromholt Torsten	?-1778	Groth, Fromholt Torsten (NA-1778)	NA	1778	 1
Liscovius, Salomon	1640-1689	Liscovius, Salomon (1640-1689)	1640	1689	 1
Meyer, Johannes	1600-t.	Meyer, Johannes (1600-NA)	1600	NA	 1
Bülow, Adam Heinrich Dietrich von	1757-1807	Bülow, Adam Heinrich Dietrich Von (1757-1807)	1757	1807	 1
Psilanderhielm, Nils	1706-1768	Psilanderhielm, Nils (1706-1768)	1706	1768	 1
Stauden, Abraham von	1741-76	Stauden, Abraham Von (1741-1776)	1741	1776	 1
Bürger, Gottfried August	1747-1794	Bürger, Gottfried August (1747-1794)	1747	1794	 1
Richter, August Gottlieb	1742-1812	Richter, August Gottlieb (1742-1812)	1742	1812	 1
Plenning, Johan	1717-1750	Plenning, Johan (1717-1750)	1717	1750	 1
Zschokke, Heinrich	1771-1848	Zschokke, Heinrich (1771-1848)	1771	1848	 1
Wallenius, Anders	1615-1663	Wallenius, Anders (1615-1663)	1615	1663	 1
Næzén, Daniel Eric	1752-1808	Næzén, Daniel Eric (1752-1808)	1752	1808	 1
Regnault-Warin, Jean Baptiste Joseph Innocent Philadelphe	1771-1844	Regnault-warin, Jean Baptiste Joseph Innocent Philadelphe (1771-1844)	1771	1844	 1
Wulfila	ca 311-383	Wulfila, 	NA	NA	 1
Tammelin, Lars	1669-1733	Tammelin, Lars (1669-1733)	1669	1733	 1
Wetterstedt, Eric af	1736-1822	Wetterstedt, Eric Af (1736-1822)	1736	1822	 1
Columbus, Jonas Svenonis	1586-1663	Columbus, Jonas Svenonis (1586-1663)	1586	1663	 1
Andreas Jonae	1582-1657	Jonae, Andreas (1582-1657)	1582	1657	 1
Crébillon, Claude-Prosper Jolyot de	1707-1777	Crébillon, Claude-prosper Jolyot De (1707-1777)	1707	1777	 1
Rönbeck, Carl Sonnberg	1765-1841	Rönbeck, Carl Sonnberg (1765-1841)	1765	1841	 1
Goldsmith, Oliver	1728-1774	Goldsmith, Oliver (1728-1774)	1728	1774	 1
Varnhagen von Ense, Karl August	1785-1858.	Varnhagen Von Ense, Karl August (1785-1858)	1785	1858	 1
Holthusen, Carl Johan von	1715-91	Holthusen, Carl Johan Von (1715-1791)	1715	1791	 1
Florén, Gabriel	1650/52-1705	Florén, Gabriel (NA-1705)	NA	1705	 1
Baelter, Lars	1704-1788	Baelter, Lars (1704-1788)	1704	1788	 1
Forelius, Hemming	1654-1708	Forelius, Hemming (1654-1708)	1654	1708	 1
Spiess, Christian Heinrich	1755-1799	Spiess, Christian Heinrich (1755-1799)	1755	1799	 1
Benzelstierna, Gustaf	1687-1746	Benzelstierna, Gustaf (1687-1746)	1687	1746	 1
Gomez, Madeleine-Angélique de	1684-1770	Gomez, Madeleine-angélique De (1684-1770)	1684	1770	 1
Harlingson, Samuel Gustaf	1740-1810	Harlingson, Samuel Gustaf (1740-1810)	1740	1810	 1
Collin, Johan Gabriel	1794-1879	Collin, Johan Gabriel (1794-1879)	1794	1879	 1
Haller, Albrecht von	1708-1777	Haller, Albrecht Von (1708-1777)	1708	1777	 1
Ducray-Duminil, François Guillaume	1761-1819	Ducray-duminil, François Guillaume (1761-1819)	1761	1819	 1
Stricker, Johan Christopher	1726-1792	Stricker, Johan Christopher (1726-1792)	1726	1792	 1
Andersson, Roloff	1744-1828	Andersson, Roloff (1744-1828)	1744	1828	 1
Tuderus, Gabriel	1638-1705	Tuderus, Gabriel (1638-1705)	1638	1705	 1
Russel, John	1792-1878	Russel, John (1792-1878)	1792	1878	 1
Schelling, Friedrich von	1775-1854	Schelling, Friedrich Von (1775-1854)	1775	1854	 1
Hallenberg, Jonas	1748-1834	Hallenberg, Jonas (1748-1834)	1748	1834	 1
Amama, Sixtinus	1593-1639	Amama, Sixtinus (1593-1639)	1593	1639	 1
Hällström, Carl Peter	1774-1836.	Hällström, Carl Peter (1774-1836)	1774	1836	 1
Aurelius, Aegidius Matthiæ	d. 1648	Aurelius, Aegidius Matthiæ (1648-NA)	1648	NA	 1
Alembert, Jean le Rond d'	1717-1783	Alembert, Jean Le Rond D' (1717-1783)	1717	1783	 1
Arvid Månsson	ca 1590-1649	Månsson, Arvid (1590-1649)	1590	1649	 1
Fahlcrantz, Eric	1760-1838	Fahlcrantz, Eric (1760-1838)	1760	1838	 1
Wallerius, Nicolaus Nicolai	d. 1704	Wallerius, Nicolaus Nicolai (1704-NA)	1704	NA	 1
Skytte (Schroderus), Johan Bengtsson	-1645	Skytte Schroderus, Johan Bengtsson (NA-1645)	NA	1645	 1
Lefrén, Johan Peter	1784-1862	Lefrén, Johan Peter (1784-1862)	1784	1862	 1
Marggraff, Johan Georg	1679?-1742	Marggraff, Johan Georg (1679-1742)	1679	1742	 1
Krok, Johan Peter	1791-1868	Krok, Johan Peter (1791-1868)	1791	1868	 1
Westman, Olof	1750-1811	Westman, Olof (1750-1811)	1750	1811	 1
Knöppel, Christopher	1718-1800	Knöppel, Christopher (1718-1800)	1718	1800	 1
Åstrand, Johan	1752-1787	åstrand, Johan (1752-1787)	1752	1787	 1
Beskow, Bernhard von	1796-1868	Beskow, Bernhard Von (1796-1868)	1796	1868	 1
Nathorst, Johan Theophilus	1760-1798	Nathorst, Johan Theophilus (1760-1798)	1760	1798	 1
Piranesi, Francesco	1756-1810	Piranesi, Francesco (1756-1810)	1756	1810	 1
Bratt, Carl Gustav	1728-1774	Bratt, Carl Gustav (1728-1774)	1728	1774	 1
Wezel, Johann Carl	1747-1819	Wezel, Johann Carl (1747-1819)	1747	1819	 1
Norrelius, Andreas	1679-1749	Norrelius, Andreas (1679-1749)	1679	1749	 1
Ramus, Jonas	1649-1718	Ramus, Jonas (1649-1718)	1649	1718	 1
Lundius, Daniel	1666-1747	Lundius, Daniel (1666-1747)	1666	1747	 1
Berglund, Nils	1726-1784	Berglund, Nils (1726-1784)	1726	1784	 1
Rademine, Carl Eric	1771-1823	Rademine, Carl Eric (1771-1823)	1771	1823	 1
Dalenius, Johan J	1694-1770	Dalenius, Johan J (1694-1770)	1694	1770	 1
Calderón de la Barca, Pedro	1600-1681	Calderón De La Barca, Pedro (1600-1681)	1600	1681	 1
Malmström, Michael	1797-1863	Malmström, Michael (1797-1863)	1797	1863	 1
Haquinus Benedicti	1600-t.	Benedicti, Haquinus (1600-NA)	1600	NA	 1
Holmertz, Petter	1705-1767	Holmertz, Petter (1705-1767)	1705	1767	 1
Pontinus, Magnus	1623-1691	Pontinus, Magnus (1623-1691)	1623	1691	 1
Roos, Magnus Friedrich	1727-1803	Roos, Magnus Friedrich (1727-1803)	1727	1803	 1
Strang, Carl Wilhelm	1735-1788	Strang, Carl Wilhelm (1735-1788)	1735	1788	 1
Luttemann, Johan	1752-1828	Luttemann, Johan (1752-1828)	1752	1828	 1
Dunckel, Dorothea	1799-1878	Dunckel, Dorothea (1799-1878)	1799	1878	 1
Saurin, Jacques	1677-1730	Saurin, Jacques (1677-1730)	1677	1730	 1
Cederborgh, Fredric	1784-1835	Cederborgh, Fredric (1784-1835)	1784	1835	 1
Rousseau, Jean-Jacques	1712-1778	Rousseau, Jean-jacques (1712-1778)	1712	1778	 1
Hallman, Gustaf Adolf	1745-1818	Hallman, Gustaf Adolf (1745-1818)	1745	1818	 1
Euripides	ca 480-406 f. Kr.	Euripides, 	NA	NA	 1
Ridderstolpe, Fredrik Ludvig	1783-1852	Ridderstolpe, Fredrik Ludvig (1783-1852)	1783	1852	 1
Wallin, Georg	1686-1760	Wallin, Georg (1686-1760)	1686	1760	 1
Hildebrandt, Georg Friedrich	1764-1816	Hildebrandt, Georg Friedrich (1764-1816)	1764	1816	 1
Bureus, Johannes	1568-1652	Bureus, Johannes (1568-1652)	1568	1652	 1
Olaus Petri	1493-1552	Petri, Olaus (1493-1552)	1493	1552	 1
Plutarchos	ca 46-ca 120	Plutarchos, 	NA	NA	 1
Gedda, Peter Niclas von	1737-1814	Gedda, Peter Niclas Von (1737-1814)	1737	1814	 1
Chanut, Pierre	1604-1667	Chanut, Pierre (1604-1667)	1604	1667	 1
Rosenstein, Nils von	1752-1824	Rosenstein, Nils Von (1752-1824)	1752	1824	 1
Balling, Emanuel	1733-95	Balling, Emanuel (1733-1795)	1733	1795	 1
Brelin, Nils	c:a 1690-1753	Brelin, Nils (1690-1753)	1690	1753	 1
Gottlieb, Ernestus	1600-t.	Gottlieb, Ernestus (1600-NA)	1600	NA	 1
Bång, Jonas	1708?-72	Bång, Jonas (1708-1772)	1708	1772	 1
Adlerbeth, Gudmund Jöran	1751-1818	Adlerbeth, Gudmund Jöran (1751-1818)	1751	1818	 1
Bexell, Jonas	1716-83	Bexell, Jonas (1716-1783)	1716	1783	 1
Appert, Nicolas	1750?-1841	Appert, Nicolas (1750-1841)	1750	1841	 1
Ungius, Nicolaus Theodori	ca 1600-1653	Ungius, Nicolaus Theodori (1600-1653)	1600	1653	 1
Papi, Antonio	1659-1740	Papi, Antonio (1659-1740)	1659	1740	 1
Iser, Carl	1785-1809.	Iser, Carl (1785-1809)	1785	1809	 1
Marquard, Carl Fredrik	1766?-1809	Marquard, Carl Fredrik (1766-1809)	1766	1809	 1
Kernell, Per Ulrik	1797-1824	Kernell, Per Ulrik (1797-1824)	1797	1824	 1
Arckenholtz, Johan	1695-1777	Arckenholtz, Johan (1695-1777)	1695	1777	 1
Esberg, Johannes	1665-1734.	Esberg, Johannes (1665-1734)	1665	1734	 1
Widegren, Per David	1784-1849	Widegren, Per David (1784-1849)	1784	1849	 1
Smith, Hugh	173?-89	Smith, Hugh	NA	NA	 1
Palmfelt, Gustaf	1680-1744	Palmfelt, Gustaf (1680-1744)	1680	1744	 1
Salzmann, Christian Gotthilf	1744-1811	Salzmann, Christian Gotthilf (1744-1811)	1744	1811	 1
Laurin, Eric Petter	1766-1828	Laurin, Eric Petter (1766-1828)	1766	1828	 1
Lenaeus, Johannes Canuti	1573-1669	Lenaeus, Johannes Canuti (1573-1669)	1573	1669	 1
Christophersson, Hans	1745-1809	Christophersson, Hans (1745-1809)	1745	1809	 1
Polhem, Christopher	1661-1751	Polhem, Christopher (1661-1751)	1661	1751	 1
Hochschild, Johan Henrik	1711-1776	Hochschild, Johan Henrik (1711-1776)	1711	1776	 1
Loccenius, Johannes	1598-1677	Loccenius, Johannes (1598-1677)	1598	1677	 1
Bergenstråle, Rudman	1724-1813	Bergenstråle, Rudman (1724-1813)	1724	1813	 1
Phrygius, Sylvester	1572-1628	Phrygius, Sylvester (1572-1628)	1572	1628	 1
Osander, Olof	1700-1787	Osander, Olof (1700-1787)	1700	1787	 1
Am Wald, Georg	1500-t.	Am Wald, Georg (1500-NA)	1500	NA	 1
Knutberg, Carl	1712-1780	Knutberg, Carl (1712-1780)	1712	1780	 1
Richer, Adrien	1720-1798	Richer, Adrien (1720-1798)	1720	1798	 1
Bohm, Andreas Petri	1600-t.	Bohm, Andreas Petri (1600-NA)	1600	NA	 1
Gruber, Johann Gottfried	1774-1851	Gruber, Johann Gottfried (1774-1851)	1774	1851	 1
Schulz, Friedrich	1762-1798	Schulz, Friedrich (1762-1798)	1762	1798	 1
Lundius, Carl	1638-1715	Lundius, Carl (1638-1715)	1638	1715	 1
Murray, Adolph	1751-1803	Murray, Adolph (1751-1803)	1751	1803	 1
Petræus, Ericus	1603-1697	Petræus, Ericus (1603-1697)	1603	1697	 1
Baudewien, Johann	1641-1699	Baudewien, Johann (1641-1699)	1641	1699	 1
Grimarest, Jean Léonor le Gallois de	1659-1713	Grimarest, Jean Léonor Le Gallois De (1659-1713)	1659	1713	 1
Hollatz, David	1704-1771	Hollatz, David (1704-1771)	1704	1771	 1
Stobæus, Andreas	1642-1714	Stobæus, Andreas (1642-1714)	1642	1714	 1
Zetterstén, Erik	1732-1801	Zetterstén, Erik (1732-1801)	1732	1801	 1
Odhelius, Torerus Erici	1612-1682	Odhelius, Torerus Erici (1612-1682)	1612	1682	 1
Wadström, Carl Bernhard	1746-1799	Wadström, Carl Bernhard (1746-1799)	1746	1799	 1
Fallén, Carl Fredrik	1764-1830	Fallén, Carl Fredrik (1764-1830)	1764	1830	 1
Carpelan, Johan Fredric	1745-1808	Carpelan, Johan Fredric (1745-1808)	1745	1808	 1
Gren, Olof	1716?-83	Gren, Olof (1716-1783)	1716	1783	 1
Rondeletius, Jacobus Petri	ca 1580-1662	Rondeletius, Jacobus Petri (1580-1662)	1580	1662	 1
Rauthelius, Johannes Danielis	d. 1704	Rauthelius, Johannes Danielis (1704-NA)	1704	NA	 1
Rudbeckius, Petrus Johannis	1578-1629	Rudbeckius, Petrus Johannis (1578-1629)	1578	1629	 1
Fogelstrand, Anders Johan	1773-1823	Fogelstrand, Anders Johan (1773-1823)	1773	1823	 1
Rosenblad, Eberhard	1714-1796	Rosenblad, Eberhard (1714-1796)	1714	1796	 1
Zetterling, Peter	1703-1769	Zetterling, Peter (1703-1769)	1703	1769	 1
Strauch, Aegidius	1647-1709	Strauch, Aegidius (1647-1709)	1647	1709	 1
Kind, Friedrich	1768-1843	Kind, Friedrich (1768-1843)	1768	1843	 1
Eenhorn von Geisz, Antonius	1600-t.	Eenhorn Von Geisz, Antonius (1600-NA)	1600	NA	 1
Waldius, Johan	1710-1781	Waldius, Johan (1710-1781)	1710	1781	 1
Envallsson, Carl Magnus	1756-1806	Envallsson, Carl Magnus (1756-1806)	1756	1806	 1
Denell, Jöns Henric	1749-1814	Denell, Jöns Henric (1749-1814)	1749	1814	 1
Odel, Anders	1718-1773	Odel, Anders (1718-1773)	1718	1773	 1
Celsius, Olof	1670-1756	Celsius, Olof (1670-1756)	1670	1756	 1
Lithander, Carl Ludvig	1773-1843	Lithander, Carl Ludvig (1773-1843)	1773	1843	 1
Grillparzer, Franz	1791-1872	Grillparzer, Franz (1791-1872)	1791	1872	 1
Humbla, Gudmund	1700-1744	Humbla, Gudmund (1700-1744)	1700	1744	 1
Almqvist, Carl Jonas Love	1793-1866	Almqvist, Carl Jonas Love (1793-1866)	1793	1866	 1
Seiler, Georg Friedrich	1733-1807	Seiler, Georg Friedrich (1733-1807)	1733	1807	 1
Ehrenstråle, David	1695-1769	Ehrenstråle, David (1695-1769)	1695	1769	 1
Melin, Eric	1659-1711	Melin, Eric (1659-1711)	1659	1711	 1
Lilly, William	1602-1681	Lilly, William (1602-1675)	1602	1675	 1
Rosenhane, Schering	1754-1812	Rosenhane, Schering (1754-1812)	1754	1812	 1
Törner, Johan Johansson	1712-1790	Törner, Johan Johansson (1712-1790)	1712	1790	 1
Bergman, Peter	1757-1825	Bergman, Peter (1757-1825)	1757	1825	 1
Börjesson, Johan	1790-1866	Börjesson, Johan (1790-1866)	1790	1866	 1
Loskiel, Georg Heinrich	1740-1814	Loskiel, Georg Heinrich (1740-1814)	1740	1814	 1
Arvidus Olai Scheningensis	1609-1663	Scheningensis, Arvidus (1609-1663)	1609	1663	 1
Engzell, Gustaf	1757-1797	Engzell, Gustaf (1757-1797)	1757	1797	 1
Lewenhaupt, Charles Emil	1721-1796	Lewenhaupt, Charles Emil (1721-1796)	1721	1796	 1
Adlermarck, Carl Gustaf	1747-1810	Adlermarck, Carl Gustaf (1747-1810)	1747	1810	 1
Hjortberg, Gustaf Fredric	1724-1776	Hjortberg, Gustaf Fredric (1724-1776)	1724	1776	 1
Carlson, Johan Gustaf von	1743-1801	Carlson, Johan Gustaf Von (1743-1801)	1743	1801	 1
Gray, Thomas	1716-1771	Gray, Thomas (1716-1771)	1716	1771	 1
Townsend, Joseph	1739-1816	Townsend, Joseph (1739-1816)	1739	1816	 1
Wettersten, Bengt	1723-1767	Wettersten, Bengt (1723-1767)	1723	1767	 1
Benzelius, Henrik	1689-1758	Benzelius, Henrik (1689-1758)	1689	1758	 1
Michelessi, Domenico	1735-1773	Michelessi, Domenico (1735-1773)	1735	1773	 1
Carlström, Jonas Fredric	1745-1826	Carlström, Jonas Fredric (1745-1826)	1745	1826	 1
Gadolin, Jacob	1719-1802	Gadolin, Jacob (1719-1802)	1719	1802	 1
Flittner, Christian Gottfried	1770-1828	Flittner, Christian Gottfried (1770-1828)	1770	1828	 1
Helwig, Jacob	1631-1684	Helwig, Jacob (1631-1684)	1631	1684	 1
Arbin, Axel Magnus von	1717-1791	Arbin, Axel Magnus Von (1717-1791)	1717	1791	 1
Sparre, Carl	1723-1791	Sparre, Carl (1723-1791)	1723	1791	 1
Luderhoff, Andreas Jonae	d. 1695.	Luderhoff, Andreas Jonae (1695-NA)	1695	NA	 1
Scriver, Christian	1629-1693	Scriver, Christian (1629-1693)	1629	1693	 1
Nordenflycht, Hedvig Charlotta	1718-1763	Nordenflycht, Hedvig Charlotta (1718-1763)	1718	1763	 1
Lorich, Hans Peter	1712-98	Lorich, Hans Peter (1712-1798)	1712	1798	 1
Landerbeck, Nils	1735-1810	Landerbeck, Nils (1735-1810)	1735	1810	 1
Blom, Carl Magnus	1737-1815.	Blom, Carl Magnus (1737-1815)	1737	1815	 1
Petré, Axel	1775-1850	Petré, Axel (1775-1850)	1775	1850	 1
Atterbom, Per Daniel Amadeus	1790-1855	Atterbom, Per Daniel Amadeus (1790-1855)	1790	1855	 1
Uhr, Carl David af	1770-1849	Uhr, Carl David Af (1770-1849)	1770	1849	 1
Wåhlin, Christian	1761-1829	Wåhlin, Christian (1761-1829)	1761	1829	 1
Hamilton, Hugo Adolf	1802-71	Hamilton, Hugo Adolf (1802-1871)	1802	1871	 1
Brunkman, Carl	1734-1781	Brunkman, Carl (1734-1781)	1734	1781	 1
Fougt, Henric	1720-1782	Fougt, Henric (1720-1782)	1720	1782	 1
Haraldus Olai	d. 1622	Olai, Haraldus (1622-NA)	1622	NA	 1
Cranz, David	1723-1777	Cranz, David (1723-1777)	1723	1777	 1
Runeberg, Ephraim Otto	1722-1770	Runeberg, Ephraim Otto (1722-1770)	1722	1770	 1
Ruder, Gustav	1708-1771	Ruder, Gustav (1708-1771)	1708	1771	 1
Lenæus, Johannes Canuti	1573-1669	Lenæus, Johannes Canuti (1573-1669)	1573	1669	 1
Berndtson, Bernhard	1729-1804	Berndtson, Bernhard (1729-1804)	1729	1804	 1
Sjöberg, Lorenz Carl	1753-1825	Sjöberg, Lorenz Carl (1753-1825)	1753	1825	 1
Nettelbladt, Fredrik	1774-1850	Nettelbladt, Fredrik (1774-1850)	1774	1850	 1
Bexell, Sven Peter	1775-1864	Bexell, Sven Peter (1775-1864)	1775	1864	 1
Svedelius, Pehr	1732-1805	Svedelius, Pehr (1732-1805)	1732	1805	 1
Adelcrantz, Emanuel	1721-1788	Adelcrantz, Emanuel (1721-1788)	1721	1788	 1
Wahlenberg, Göran	1780-1851	Wahlenberg, Göran (1780-1851)	1780	1851	 1
Scheffer, Carl Fredrik	1715-1786	Scheffer, Carl Fredrik (1715-1786)	1715	1786	 1
Forssén, Eric	1756-1823	Forssén, Eric (1756-1823)	1756	1823	 1
Müller, Laurentius	1500-t.	Müller, Laurentius (1500-NA)	1500	NA	 1
Rudman, Andreas	1668-1708	Rudman, Andreas (1668-1708)	1668	1708	 1
Liliestråle, Joachim Wilhelm	1721-1807	Liliestråle, Joachim Wilhelm (1721-1807)	1721	1807	 1
Rogberg, Carl Georg	1789-1834	Rogberg, Carl Georg (1789-1834)	1789	1834	 1
Lundström, Johan Peter	1783-1868	Lundström, Johan Peter (1783-1868)	1783	1868	 1
Strand, Olof	1690-1749	Strand, Olof (1690-1749)	1690	1749	 1
Dresig, Sigismund Friedrich	1700-1742	Dresig, Sigismund Friedrich (1700-1742)	1700	1742	 1
Propiac, Catherine Joseph Ferdinand Girard de	1759-1822	Propiac, Catherine Joseph Ferdinand Girard De (1759-1822)	1759	1822	 1
Berch, Christer	1735-1792	Berch, Christer (1735-1792)	1735	1792	 1
Sommelius, Gustaf Johan	1726-1800	Sommelius, Gustaf Johan (1726-1800)	1726	1800	 1
Agrell, Olof	1755-1832	Agrell, Olof (1755-1832)	1755	1832	 1
Rothman, Jacob Gabriel	1721-1772	Rothman, Jacob Gabriel (1721-1772)	1721	1772	 1
Pfaff, Christian Heinrich	1773-1852	Pfaff, Christian Heinrich (1773-1852)	1773	1852	 1
Nyerup, Rasmus	1759-1829	Nyerup, Rasmus (1759-1829)	1759	1829	 1
Thomas, Antoine-Léonard	1732-1785	Thomas, Antoine-léonard (1732-1785)	1732	1785	 1
Brueys, David Augustin de	1640-1723	Brueys, David Augustin De (1640-1723)	1640	1723	 1
Koch, Michael	1715-1789	Koch, Michael (1715-1789)	1715	1789	 1
Billing, Paul Olof	1755-1808	Billing, Paul Olof (1755-1808)	1755	1808	 1
Wimermark, Per Johan	1763-1828	Wimermark, Per Johan (1763-1828)	1763	1828	 1
Hervey, James	1714-1758	Hervey, James (1714-1758)	1714	1758	 1
Wurmb, Friedrich Christopher	1730-1788	Wurmb, Friedrich Christopher (1730-1788)	1730	1788	 1
Poppe, Johann Heinrich Moritz von	1776-1854	Poppe, Johann Heinrich Moritz Von (1776-1854)	1776	1854	 1
Palmqvist, Johan	1668-1716	Palmqvist, Johan (1668-1716)	1668	1716	 1
Holm, Alexander	1740-1818	Holm, Alexander (1740-1818)	1740	1818	 1
Rappe, Carl	1772-1831	Rappe, Carl (1772-1831)	1772	1831	 1
Pettersson, Daniel	1720-1802	Pettersson, Daniel (1720-1802)	1720	1802	 1
Bentham, Jeremy	1748-1832	Bentham, Jeremy (1748-1832)	1748	1832	 1
La Salle, Adrien-Nicolas de	1735-1818	La Salle, Adrien-nicolas De (1735-1818)	1735	1818	 1
Cellarius, Christoph	1638-1707	Cellarius, Christoph (1638-1707)	1638	1707	 1
Winge, Isac Mårten	1793-1857	Winge, Isac Mårten (1793-1857)	1793	1857	 1
Hunold, Christian Friedrich	1680-1721	Hunold, Christian Friedrich (1680-1721)	1680	1721	 1
Quétant, Antonine François	1733-1823	Quétant, Antonine François (1733-1823)	1733	1823	 1
Bergius, Olaus Nicolai	d. ca 1670	Bergius, Olaus Nicolai (1670-NA)	1670	NA	 1
Cronstrand, Simon Anders	1784-1850	Cronstrand, Simon Anders (1784-1850)	1784	1850	 1
Lundström, Erik	1720-1777	Lundström, Erik (1720-1777)	1720	1777	 1
Las Cases, Emmanuel-Augustin-Dieudonné-Joseph	1766-1842	Las Cases, Emmanuel-augustin-dieudonné-joseph (1766-1842)	1766	1842	 1
Bring, Erland Samuel	1736-1798	Bring, Erland Samuel (1736-1798)	1736	1798	 1
Pincier, Samuel Hermansson	1697-1718	Pincier, Samuel Hermansson (1697-1718)	1697	1718	 1
De Besche, Isac Georg	1748-1825	De Besche, Isac Georg (1748-1825)	1748	1825	 1
Wrangel, Henning Gustaf	1780-1833	Wrangel, Henning Gustaf (1780-1833)	1780	1833	 1
Huss, Johan Laurentii	1701-1768	Huss, Johan Laurentii (1701-1768)	1701	1768	 1
Svenonius, Enevald	1617-1688	Svenonius, Enevald (1617-1688)	1617	1688	 1
Bromell, Magnus von	1679-1731	Bromell, Magnus Von (1679-1731)	1679	1731	 1
Helwig, Christoph	1581-1617	Helwig, Christoph (1581-1617)	1581	1617	 1
Stierngranat, Carl Johan	1730-1802	Stierngranat, Carl Johan (1730-1802)	1730	1802	 1
Rahtken, Albertus	1600-t.	Rahtken, Albertus (1600-NA)	1600	NA	 1
Schütz, Johann Jacob	1640-1690	Schütz, Johann Jacob (1640-1690)	1640	1690	 1
Ziervogel, Evald	1728-1765	Ziervogel, Evald (1728-1765)	1728	1765	 1
Waenerberg, Johan	1712-1770	Waenerberg, Johan (1712-1770)	1712	1770	 1
Lannerus, Jonas Jacobi	1600-t.	Lannerus, Jonas Jacobi (1600-NA)	1600	NA	 1
Hachenburg, Hermann Wilhelm	1752-1817	Hachenburg, Hermann Wilhelm (1752-1817)	1752	1817	 1
Lemwijk, Olof Swensson	ca. 1640-ca. 1677	Lemwijk, Olof Swensson (1640-1677)	1640	1677	 1
Faggot, Jacob	1699-1777	Faggot, Jacob (1699-1777)	1699	1777	 1
Berling, Carl Fredrik	1785-1847	Berling, Carl Fredrik (1785-1847)	1785	1847	 1
Burckhardt, Johann Gottlieb	1756-1800	Burckhardt, Johann Gottlieb (1756-1800)	1756	1800	 1
Jungblad, Bengt	1749-1834	Jungblad, Bengt (1749-1834)	1749	1834	 1
Momma, Peter	1711-1772	Momma, Peter (1711-1772)	1711	1772	 1
Lindahl, Olof	1762-1832	Lindahl, Olof (1762-1832)	1762	1832	 1
Hjelm, Peter Jacob	1746-1813	Hjelm, Peter Jacob (1746-1813)	1746	1813	 1
Holmbergson, Johan	1764-1842	Holmbergson, Johan (1764-1842)	1764	1842	 1
Achrelius, Daniel	1644-1692	Achrelius, Daniel (1644-1692)	1644	1692	 1
Zollikofer, Georg Joachim	1730-88	Zollikofer, Georg Joachim (1730-1788)	1730	1788	 1
Segerstedt, Albrecht Julius	1763-1815	Segerstedt, Albrecht Julius (1763-1815)	1763	1815	 1
Godenius, Daniel	1702-1768	Godenius, Daniel (1702-1768)	1702	1768	 1
Modeer, Adolph	1739-1799	Modeer, Adolph (1739-1799)	1739	1799	 1
Roland, Erik von	1675-1754	Roland, Erik Von (1675-1754)	1675	1754	 1
Forsell, Carl Gustaf af	1783-1848	Forsell, Carl Gustaf Af (1783-1848)	1783	1848	 1
Wallmark, Peter Adam	1777-1858	Wallmark, Peter Adam (1777-1858)	1777	1858	 1
Bodard de Tézay, Nicolas Marie Félix	1757-1823	Bodard De Tézay, Nicolas Marie Félix (1757-1823)	1757	1823	 1
Werving, Johan Gabriel	1675-1715	Werving, Johan Gabriel (1675-1715)	1675	1715	 1
Wirén, Carl	1799-1850	Wirén, Carl (1799-1850)	1799	1850	 1
Luth, Axel P	1708-1781	Luth, Axel P (1708-1781)	1708	1781	 1
Angelini, Jöns Eric	1779-1807	Angelini, Jöns Eric (1779-1807)	1779	1807	 1
Marini, Giovanni Ambrogio de	1594?-1650?	Marini, Giovanni Ambrogio De (1594-1650)	1594	1650	 1
Kerndörffer, Heinrich August	1769-1846	Kerndörffer, Heinrich August (1769-1846)	1769	1846	 1
Wolff, Johan Bernhard	1740-1821	Wolff, Johan Bernhard (1740-1821)	1740	1821	 1
Alstrin, Eric	1683-1762	Alstrin, Eric (1683-1762)	1683	1762	 1
Sillén, Georg Axel af	1772-1858	Sillén, Georg Axel Af (1772-1858)	1772	1858	 1
Norelius, Matthias Rudolph	1741-1799	Norelius, Matthias Rudolph (1741-1799)	1741	1799	 1
Melkorstadindal, Magnus Andreae	d. 1633?	Melkorstadindal, Magnus Andreae (1633-NA)	1633	NA	 1
Stabeck, Gustaf	1778?-1831	Stabeck, Gustaf (1778-1831)	1778	1831	 1
Nelander, Johan	1709-1789	Nelander, Johan (1709-1789)	1709	1789	 1
Francke, August Hermann	1663-1727	Francke, August Hermann (1663-1727)	1663	1727	 1
Sturm, Christoph Christian	1740-86	Sturm, Christoph Christian (1740-1786)	1740	1786	 1
Fryxell, Anders	1795-1881	Fryxell, Anders (1795-1881)	1795	1881	 1
Augustinus, Aurelius	354-430	Augustinus, Aurelius	NA	NA	 1
Bruce, Johan	1668-e.1736	Bruce, Johan (1668-1736)	1668	1736	 1
Rutström, Anders Carl	1721-72	Rutström, Anders Carl (1721-1772)	1721	1772	 1
Roos, Anders	1777-1824	Roos, Anders (1777-1824)	1777	1824	 1
Lacroix de Niré, Jean Louis	1766-1813	Lacroix De Niré, Jean Louis (1766-1813)	1766	1813	 1
Hoburg, Christian	1607-1675	Hoburg, Christian (1607-1675)	1607	1675	 1
Sveno-Wivallius, Johannes Svenonis	1600-t.	Sveno-wivallius, Johannes Svenonis (1600-NA)	1600	NA	 1
Marées, Simon Ludwig Eberhard de	1717-1802	Marées, Simon Ludwig Eberhard De (1717-1802)	1717	1802	 1
Wargentin, Pehr Wilhelm	1717-1783	Wargentin, Pehr Wilhelm (1717-1783)	1717	1783	 1
Bjurbäck, Olof	1750-1829	Bjurbäck, Olof (1750-1829)	1750	1829	 1
Linnerhielm, Jonas Carl	1758-1829	Linnerhielm, Jonas Carl (1758-1829)	1758	1829	 1
Åkerblad, Johan David	1763-1819	åkerblad, Johan David (1763-1819)	1763	1819	 1
Fabre d'Eglantine, Philippe François Nazaire	1755-94	Fabre D'eglantine, Philippe François Nazaire (1755-1794)	1755	1794	 1
Cederström, Anders	1778-1832	Cederström, Anders (1778-1832)	1778	1832	 1
Šiškov, Aleksandr Semenovič	1754-1841	šiškov, Aleksandr Semenovič (1754-1841)	1754	1841	 1
Knorring, Gustaf von	1772-1823	Knorring, Gustaf Von (1772-1823)	1772	1823	 1
Ferber, Johann Jacob	1743-1790.	Ferber, Johann Jacob (1743-1790)	1743	1790	 1
Lagerhjelm, Pehr	1787-1856	Lagerhjelm, Pehr (1787-1856)	1787	1856	 1
Lissander, Anders	1704?-86	Lissander, Anders (1704-1786)	1704	1786	 1
Neipperg, Adam Adalbert von	1775-1829	Neipperg, Adam Adalbert Von (1775-1829)	1775	1829	 1
Sellergren, Peter Lorenz	1769-1843	Sellergren, Peter Lorenz (1769-1843)	1769	1843	 1
Reuterstedt, Johan	1708-1774	Reuterstedt, Johan (1708-1774)	1708	1774	 1
Ehrenberg, Friedrich	1776-1852	Ehrenberg, Friedrich (1776-1852)	1776	1852	 1
Sebell, Georg Peter	1768-1839	Sebell, Georg Peter (1768-1839)	1768	1839	 1
Prytz, Johannes Johannis	1598-1632	Prytz, Johannes Johannis (1598-1632)	1598	1632	 1
Posse, Mauritz	1712-1787	Posse, Mauritz (1712-1787)	1712	1787	 1
Groth, Per Henrik	1775-1850	Groth, Per Henrik (1775-1850)	1775	1850	 1
Johannes Magnus	1488-1544	Magnus, Johannes (1488-1544)	1488	1544	 1
Gullbransson, Abela	1775-1822	Gullbransson, Abela (1775-1822)	1775	1822	 1
Wolff, Christian von	1679-1754	Wolff, Christian Von (1679-1754)	1679	1754	 1
Fitinghoff, Erik von	d. 1655	Fitinghoff, Erik Von (1655-NA)	1655	NA	 1
Thiebaut de Berneaud, Arsenne	1777-1850	Thiebaut De Berneaud, Arsenne (1777-1850)	1777	1850	 1
Törneblad, Bengt Johan	1782-1820	Törneblad, Bengt Johan (1782-1820)	1782	1820	 1
Högström, Pehr	1714-1784	Högström, Pehr (1714-1784)	1714	1784	 1
Johanssén, Christian	1746-1813	Johanssén, Christian (1746-1813)	1746	1813	 1
Celsius, Nils	1658-1724	Celsius, Nils (1658-1724)	1658	1724	 1
Gyllenhaal, Maria Elisabeth	1760-1774	Gyllenhaal, Maria Elisabeth (1760-1774)	1760	1774	 1
Swederus, Nils Samuel	1751-1833	Swederus, Nils Samuel (1751-1833)	1751	1833	 1
Brelin, Johan	1734-1782	Brelin, Johan (1734-1782)	1734	1782	 1
Rathe, Petrus	?-e.1754	Rathe, Petrus (NA-1754)	NA	1754	 1
Sparrman, Nils	1668-1722	Sparrman, Nils (1668-1722)	1668	1722	 1
Maupertuis, Pierre Louis Moreau de	1698-1759	Maupertuis, Pierre Louis Moreau De (1698-1759)	1698	1759	 1
Norman, Carl	1729-98	Norman, Carl (1729-1798)	1729	1798	 1
Vogel, Christian	1600-t.	Vogel, Christian (1600-NA)	1600	NA	 1
Weisse, Christian Felix	1726-1804	Weisse, Christian Felix (1726-1804)	1726	1804	 1
Ekman, Carl Magnus	1712-1781	Ekman, Carl Magnus (1712-1781)	1712	1781	 1
Hollatius, David	1648-1713	Hollatius, David (1648-1713)	1648	1713	 1
Kalmberg, Adam Eric	1790-1864	Kalmberg, Adam Eric (1790-1864)	1790	1864	 1
Chaptal, Jean Antoine Claude	1756-1832	Chaptal, Jean Antoine Claude (1756-1832)	1756	1832	 1
Kjellberg, Johan Peter	1768-1832	Kjellberg, Johan Peter (1768-1832)	1768	1832	 1
Schonæus, Cornelius	ca 1541-1611	Schonæus, Cornelius (1541-1611)	1541	1611	 1
Carelberg, Harald	1703?-63	Carelberg, Harald (1703-1763)	1703	1763	 1
Gyldenstolpe, Ulric	1774-1855	Gyldenstolpe, Ulric (1774-1855)	1774	1855	 1
Smollett, Tobias George	1721-1771	Smollett, Tobias George (1721-1771)	1721	1771	 1
Junbeck, Theodorus	1663-1739	Junbeck, Theodorus (1663-1739)	1663	1739	 1
Schröder, Johan Henrik	1791-1857	Schröder, Johan Henrik (1791-1857)	1791	1857	 1
Celsius, Magnus	1621-1679	Celsius, Magnus (1621-1679)	1621	1679	 1
Spaldencreutz, Arvid Johan	1782-1828	Spaldencreutz, Arvid Johan (1782-1828)	1782	1828	 1
Påhlman, Otto Fredric	1785-1822	Påhlman, Otto Fredric (1785-1822)	1785	1822	 1
Favart, Charles Simon	1710-1792	Favart, Charles Simon (1710-1792)	1710	1792	 1
Westelius, Petrus	1708-83	Westelius, Petrus (1708-1783)	1708	1783	 1
