original_extent	final_pagecount	Count
Total count: 	2766	
[4] s.	4	360
[04] s.	4	258
[08] s.	8	179
16 s.	16	 99
[8] s.	8	 74
[02] s.	2	 64
08 s.	8	 63
24 s.	24	 58
[16] s.	16	 55
12 s.	12	 48
[48] s.	48	 43
20 s.	20	 41
[1] bl.	2	 41
32 s.	32	 36
[12] s.	12	 34
40 s.	40	 28
[24] s.	24	 26
1 bl.	2	 26
48 s.	48	 25
[2] s.	2	 22
[20] s.	20	 18
36 s.	36	 17
28 s.	28	 17
44 s.	44	 14
88 s.	88	 12
[28] s.	28	 11
80 s.	80	 11
[32] s.	32	 10
(16) bl. + B4.	32	 10
(4) bl.	8	  9
14 s.	14	  9
10 s.	10	  9
72 s.	72	  9
64 s.	64	  9
144 s.	144	  8
[10] s.	10	  8
60 s.	60	  7
(16) bl. + B8.	32	  6
68 s.	68	  6
26 s.	26	  6
96 s.	96	  6
84 s.	84	  6
168 s.	168	  6
120 s.	120	  5
18 s.	18	  5
[14] s.	14	  5
04 s.	4	  4
[6] s.	6	  4
[02] , 30 s.	32	  4
112 s.	112	  4
[4] s., (s. 3/4 blank)	4	  4
[40] s.	40	  4
30 s.	30	  4
[02] , 34 s.	36	  4
[4], 28 s.	32	  4
74 s.	74	  3
50 s.	50	  3
[02] , 22 s.	24	  3
[02] , 70 s.	72	  3
1 blad	2	  3
22 s.	22	  3
34 s.	34	  3
42 s.	42	  3
160 s.	160	  3
102 s.	102	  3
[06] s.	6	  3
[18] s.	18	  3
76 s.	76	  3
(8) s.	8	  3
56 s.	56	  3
28 s. & omsl.	28	  3
360 s.	360	  3
[44] s.	44	  3
156 s.	156	  2
[02], 32 s.	34	  2
[04] , 192 s.	196	  2
38 s.	38	  2
[4], 24 s.	28	  2
[224] s.	224	  2
128 s.	128	  2
[02], 196 s.	198	  2
[04] , 76 s.	80	  2
100 s.	100	  2
[04], 92 s.	96	  2
96 s.; [1] pl.	98	  2
[04], 148 s.	152	  2
[02] , 18 s.	20	  2
336 s.	336	  2
[04] , 84 s.	88	  2
176 s.	176	  2
[02] , 14 s.	16	  2
[22] s.	22	  2
92 s.	92	  2
[04] , 18 s.	22	  2
[04], 56 s.	60	  2
46 s.	46	  2
[08] , 80 s.	88	  2
104 s.	104	  2
[02] , 32 s.	34	  2
[2], 26 s.	28	  2
132 s.	132	  2
[02], 274 s.	276	  2
[04] , 44 s.	48	  2
164 s.	164	  2
200 s.	200	  2
1 bl. (3 sp.)	5	  2
[26] s.	26	  2
152 s.	152	  2
[02] , 78 s.	80	  2
[2], 22 s.	24	  2
[02] , 264 s.	266	  2
[2], 24 s.	26	  2
[56] s.	56	  2
[08], ii20 s.	8	  1
1 grav. frontespis, [2], ii, vii, [1], 70, [4], 31, [1] s., [2], 11, 17 pl.-bl.	87	  1
[02], 164, [02] s., s. 165-344 =(s. 337-44 opag.)=; [1] rättelsebl., [5] ins., ix pl.	366	  1
[04] , 60 s.; [2] pl.	68	  1
44 s. & omsl.	44	  1
154 s.	154	  1
[08], 112 s. =(s. 111-112 opag.)=	8	  1
[12], 100 s.	112	  1
[2], 40 s.	42	  1
[02] , 206 s. =(s. 193-206 opag.)=.	2	  1
[14], 340 [20]; 175 [1] s.	14	  1
[12] , 122 s. =(s. 121-22 opag. annons)=.	12	  1
[6], [1] 2-74 s.	80	  1
208 s.	208	  1
[16] , 248 s. =(s. 246-48 opag.)=; 16, 1 pl., ins. 2-8.	32	  1
[04] , 88 s.; [1] pl.	94	  1
[08] , 92 s.	100	  1
[01] , 41 s.	42	  1
[8], 184 s.	192	  1
[04], 268 s. =(s. 258-68 opag.)=	4	  1
(3) 2-720 s.; Hh12-Ss12.	720	  1
[06], ii48, iii352, iv80 s.; [1] ins.	6	  1
(16) bl. + A4.	32	  1
370 s. : ill.	370	  1
[02] , ii776 s. =(s. 761-776 opag. prenumerantförteckn.)=.	2	  1
[04], 172 s. =(s. 171-72 opag.)=	4	  1
S. 183-318	136	  1
96 s.; pl.förtitelbl.	98	  1
[04] , 94 s.=(s. 57- 94 opag.)=; [1] pl.	6	  1
[12] , 260 s. =(s. 257-60 opag.).=	12	  1
[04], lii, 184 s.	240	  1
(3) 4-192 s.	192	  1
[02], 120 s. & omsl.	122	  1
62 s.; rättelseremsa.	62	  1
[24], ii456, iii496 s. =(s. ii455-56 opag.)=.	24	  1
[8] s. ; 15 cm ((8:o)	23	  1
[02] , 10, 18 s.	20	  1
[02] , ii408, iii358 s. =(s. iii347-58 opag.)=.	2	  1
[02], 278 s. =(s. 277-78 opag.)=	2	  1
vi, 106 s. =(s. 103-06 opag.)=; pl.titelbl., pl. dedik., 4, [16] pl.	46	  1
[8], 80 s. (s. 79-80 blanka)	8	  1
[8] s., s. 4-59	64	  1
xliv, 510 s., 5 pl.-bl., 1 portr.	556	  1
78 s.; [1] pl.	80	  1
[162] s.	162	  1
[02] , 42 s.	44	  1
[08] , 544 s., s. 547-570 =(s. 569 opag. rättelser).=	578	  1
[15] s., s. 1-26, 26-28, 28-32, 32-78	93	  1
[6], 42 s.	48	  1
(3) 4-52 s.	52	  1
[04] , 648 s. =(s. 635-48 opag.)=.	4	  1
[2], xi, 5 s.	18	  1
[02] , 390 s.	392	  1
48, 148, 78 s.	148	  1
[32] , 312 s. =(s. 311/12 blank).=	32	  1
[02] , 32 s. =(s. 31/32 blank)=.	2	  1
216 s.	216	  1
[04], 86 s.	90	  1
[02] , 74 s.; [2] pl.	80	  1
(20) 1-124 s.	124	  1
[16] s., (s. 15/16 blank)	16	  1
40 s., s. 39-170; iii pl.	176	  1
180 s.	180	  1
LII, 418, [1] s., 39 planschblad	471	  1
S. 63-70.	8	  1
288 s.	288	  1
(2) 3-80 s.	80	  1
40 s. =(s. 39-40 opag.)=; [1] pl.	2	  1
[04] , 204 s.	208	  1
432 s.	432	  1
[9] s., s. 2-24	32	  1
[02] , 100 s.; [1] rättelsebl.	102	  1
[08], 216 s. (s. 215 opag. prisuppgift)	8	  1
32, [2] s.	34	  1
(3) bl. A4-b4c, A4, B4-C4, D4-E4F4, G4, H4, I4-K4L4, M4, N2.	106	  1
=Serietitelbl.:= [02] s. & omsl. [04] , 258 s.	262	  1
272, 151 [1], 176, [252] [12] (s. 249-252 felpaginerade eller opaginerade), 6 pl.-bl.	524	  1
288 s., s. 287-382 =(s. 377-82 opag.)=; xii pl., [4] klistrade vinj.	382	  1
[08] , 192 s. =(s. 191/192 blank)=; [1] ins.	8	  1
[02] , 242 s.; [1] pl.	246	  1
xii, 348 s.	360	  1
xii, 212 s. =(s. 212 felpag. '182')=.	12	  1
40, 32 s.; [1] ins.	40	  1
[02] , 16 s.	18	  1
[3] s., s. 2-10	12	  1
[06] , 186 s.	192	  1
2 vol.	2	  1
S. 302-310	9	  1
[04] , 16 s. & omsl.	20	  1
[4] , 188 s.	192	  1
[58] , 1078 s. (s. 1057-78 opag., s. 1077 rättelser).	58	  1
179 s., 1 bl.	181	  1
40 s., iii ins.	40	  1
x, [2], 180 s.	192	  1
[02] , 62 s.; [1] rättelsebl.	64	  1
[14], 36, [4] s.	54	  1
[04], 338 s. =(s. 337-38 opag. rättelser.)=	4	  1
[04], 44, 232 s.	236	  1
[12] s	12	  1
[4], 444 s., 2 pl.-bl. (varav 1 vikt)	448	  1
S. 3-46; pl.titelbl.	46	  1
[6], 101, [4] s.	111	  1
[8], 41, [3] s, [1] vikt pl.-bl.	52	  1
[10], 174 s. (s. 167-74 opag. annons)	10	  1
348 s.	348	  1
[04], 512 s.	516	  1
[30] , 132 s. =(s. 131 opag. rättelser)=.	30	  1
[02] , 18 s. =(s. 17-18 opag.).=	2	  1
[12] , ii68 s. =(s. 1/2 blank)=.	12	  1
[02] s., s. 521-1084 =(s. 1010-84 felpag. '1110'-'1184')	1086	  1
[16] , 344 s.	360	  1
[04], 204 s.	208	  1
[08], 80 s. (s. 74-78 opag., 77 rättelser, 79/80 blank)	8	  1
[36] , 96 s. =(s. 94 felpag. '64', 95-96 opag.)=.	132	  1
[06] , 44 s. =(s. 44 felpag. '40')=; [1] pl.	8	  1
[02] , 38 s. =(s. 37/38 blank).=	2	  1
92, 484 s. =(s. 483-84 opag. annons)=	92	  1
=Serietitelbl.:= [02] s. & omsl. [04] , 242 s.	246	  1
[16], 322 s.	338	  1
[02], 548 s.; [1] rättelsebl.	550	  1
S. 401-520	120	  1
(8) bl.	16	  1
[20], 278 s.	298	  1
[02] , 36 s.	38	  1
[08], 152 s. =(s. 149-52 opag.)=.	8	  1
[15] [1] s. A4-B4.	16	  1
[04], 1068 s. =(s. 1045-68 opag.).=	4	  1
[08] , 216 s.; tr. ryggetikett.	224	  1
[2], [1] 2-14 s.	16	  1
[16], 144 s.; [2] pl.	164	  1
20 s.; klistr. titelbladsvinj.	20	  1
[08] , 384 s.	392	  1
[02] , 50 s.	52	  1
[10], 270 s.	280	  1
[02] , 152 s.	154	  1
58 s.	58	  1
[06] , 252 s.; [1] rättelsebl., [2] ins., [4] pl.	266	  1
[02], 94 s.	96	  1
[02], 62 s. =(s. 55-62 opag.)=	2	  1
[02] , 64 s. =(s. 57-64 opag.).=	2	  1
[2] s., s. 3-8	8	  1
[02] , 149, [1] s.	152	  1
[06] , 98 s.	104	  1
[04] , 80 s.	84	  1
=Serietitelbl.:= [02] s.; tr. ryggetikett. [02] , viii, 400 s. =(s. 399/400 blank)=.	8	  1
[2] , 78 s.	80	  1
[02] , 16 s. =(s. 15-16 opag. annons)=.	2	  1
[02] , 126 s.	128	  1
[08] , 76 s. =(s. 73-75 opag. rättelser och imprimatur)=.	8	  1
[04] , 124 s. & omsl.	128	  1
[02] , 26 s. =(s. 25-26 opag.).=	2	  1
[100] s.	100	  1
1 portr., xxiv, 396 s., [7] pl.-bl.	420	  1
[30] s.	30	  1
s. 202-248	47	  1
[288] s.	288	  1
[8], 320 s. (s. 320 blank)	8	  1
[06], ii568, iii120 s.	6	  1
[64] s. & omsl.	64	  1
[08] s., s. 113-232.	128	  1
[08] , 32 s.	40	  1
[10] , 230 s.	240	  1
[04], 92 s., iv pl.-bl.	96	  1
128 s.; [1] rättelsebl.	128	  1
[14] , 160 s.; [1] rättelsebl., [1] pl.	176	  1
80 s.; [1] pl.	82	  1
96 s.; [1] pl. =(noter)=.	96	  1
100 s.; [8] pl.	116	  1
[6], 448, [12] s.	466	  1
[04], 188 s.	192	  1
xii, 228 s. =(s. vii-xii, 224-28 opag., 225-28 annons)=; [2] pl. & omsl.	453	  1
[16], 856 s.	872	  1
[21], 433, [2] s.	456	  1
[16] s. (s. 13-16 blank)	16	  1
[04] , 288, clxiv s. =(s. clxiii/clxiv blank).=	292	  1
[4] s., s. 5-21, [2] vikta pl.-bl.	21	  1
[108] s. (s. 107-108 blanka)	108	  1
[02] , 322 s.	324	  1
[8] s., (s. 7/8 blank)	8	  1
(2) bl. A8-Z8Aa8-Oo8.	4	  1
xviii, 390 s. =(s. xvii- xviii, 389-90 opag.).=	779	  1
[15] s., s. 4-114	126	  1
[10] , 132 s.	142	  1
[10] , ii240, iii76 s.; [04] s. =(innehållsförteckn. o. annons)=.	10	  1
[12] , 436 s. =(s. 435-36 opag. annons).=	12	  1
246 s.	246	  1
282 s.	282	  1
[10] , 420 s. =(s. 418-20 opag.)=.	10	  1
[02], vi, 96 s. =(s. 95/96 blank).=	8	  1
[16] , 1620 s. =(s. 1553-1620 opag.)=; [13] pl.	42	  1
256, [34] s.	290	  1
[17] , 37 s., f. 38-40.	57	  1
[04] , 84 s.; iv pl.	96	  1
436 s.	436	  1
(3) 2-70 s.	70	  1
[08] , 216 s. =(s. 213-16 opag.)=.	8	  1
[02] , 64 s.	66	  1
554 s.	554	  1
[08], ii488 s.	8	  1
[04], 144, [02] s., s. 145-330 =(s. 326-30 opag., 329 rättelser)=; vii pl.	350	  1
392 s.	392	  1
[04] , 250 s. & tr.ryggetikett.	254	  1
[02] , 46 s. =(s. 39-46 opag.).=	2	  1
[04] s., 960 sp. =(totalt 484 s.)=.	4	  1
148 s.	148	  1
[02] , ii40, iii32 s.	2	  1
[04] , 182 s.	186	  1
vi s., s. 7-116 & omsl.	116	  1
[04] , 132 s. =(s. 131-32 opag.)=.	4	  1
228 s.	228	  1
[112] s. & omsl.	112	  1
16 s.; [1] ins., [1] inklistr. ill.	16	  1
[4], 24 s. ; 8:o	28	  1
9 s.	9	  1
[20], 396, [28] s.	444	  1
184 s.	184	  1
108 s.	108	  1
[08], 400 s.	408	  1
[16] , 328 s.	344	  1
[08] , 104 s. =(s. 102-04 opag. annons).=	8	  1
[02] , 496 s.	498	  1
[8], 67, [5] s.	80	  1
[08] , 96 s. =(s. 95/96 blank)=.	8	  1
[04], 508 s. =(s. 429-508 opag.).=	4	  1
52, 50, 38, 40 s.	52	  1
[6], 94 s. =(s. 92-94 opag.)= & omsl.	6	  1
[06] , vi, 538 s.	550	  1
[02], viii, 414 s.	424	  1
A4-C4D; [2], [26] s	528	  1
[14] , 234 s. =(s. 223- 34 opag.)=; [10] pl.	34	  1
[4], 20 s.	24	  1
[96] s.	96	  1
[04] , ii156 s.; träsnittstitelbl., [1] pl.	6	  1
[18], 776 s.	794	  1
12:o(6). [06], ii70, iii96, iv118, [v02] s. =(s. v1-2 bokbindaranvisning).=	2	  1
[6] , 10 s.	16	  1
[4], 33, [1] s.	38	  1
[02], 520 s.	522	  1
[02] , ii240, iii20 s.	2	  1
[04], 08, 236 s.	240	  1
[10], 78 s., s. 81-332 =(s. 326-32 opag.)=; vi pl.	354	  1
[08] , 408 s. =(s. 406-08 opag.)=.	8	  1
[06] , 84 s. =(s. 81-84 opag.).=	6	  1
[08], ii72 s. =(s. 7-8 rättelser).=	8	  1
S. 09-18.	10	  1
[44] s., (s. 43/44 blank)	44	  1
16 s.; [1] pl.	18	  1
Pl.titelbl., xxv pl.	52	  1
[04], 876 s.; [1] rättelsebl.	880	  1
[08] s.; [1] ins.	8	  1
[06], 322 s.; [1] vikt pl.-bl.	328	  1
[42] , 114 s. =(s. 104-14 opag.)=.	42	  1
[11], s. 2-21, [3] s.	34	  1
[02] , 52 s.; [2] klistr. vinjetter.	54	  1
4 d. i 1 vol. (128, 144, 148, 177 s.)	177	  1
28, ii416, [iii08] , iv72, v192 s., s. 191-210, 213-660 =(s. 27-28, iv67-72, 536-660 opag.)=	660	  1
[32] , 680 s. =(s. 577-678 opag., 679/680 blank)=.	32	  1
[04] , 104 s.	108	  1
xxiv, 164 s. =(s. x-xxiv felpag. 'ix'-'xxiii')=.	24	  1
24 s.; [1] ins.	24	  1
[20] , 412 s.	432	  1
[7] s., s. 2-16	22	  1
[138] s.	138	  1
[8] , 272 s. (s. 235-72 opag.)	8	  1
[2], 86 s.	88	  1
[4], 86 s.	90	  1
[02] , 70 s.; iii pl. =(pl. iii felnumr. 'IV')=.	72	  1
[04] , 48 s.	52	  1
[8], 114, [28] bl.	178	  1
[02], 294 s.	296	  1
[32] s. =(pag. i-vii, [1- 4] , 237, 242-44, 466, 487, 489-93, 496-501, 446-47, [01] )=.	501	  1
[04] , ii54 s. =(s. 3/4 blank, 53-54 opag.)=.	58	  1
[16] , 48 s. =(s. 47/48 blank)=.	16	  1
[02] , xxxii s.	34	  1
[14] , 720 s. =(s. 719 opag. rättelser).=	14	  1
[02] , 48 s.	50	  1
[5] s., s. 2-54, [2] s.	60	  1
[04], 124 s.	128	  1
[04] , 44 s. =(s. 35-44 opag.)=.	4	  1
[18] , 240 s.	258	  1
[04] , 68 s.	72	  1
[08] , 184 s. =(s. 181-82 opag rättelser, 183/84 blank)=.	8	  1
[06] , 32 s.	38	  1
[02], 122, 78 s.	124	  1
80, ii192 s. =(s. 189-92 opag.)=	80	  1
15,[1] s. + 1 bil. [1] bl.	15	  1
[08] , 292 s.	300	  1
1-4 s.	4	  1
(2) 3-148 s.	148	  1
[120] s.	120	  1
248 s.; [1] pl.	250	  1
[08], 106 s.	114	  1
[04] , ii78 s.	4	  1
[08] , ii528, iii152 s. =(s. 513- 528, iii149-152 opag.).=	536	  1
8 s.	8	  1
344 s. =(s. 337-44 opag.)=; pl. vii-viii	4	  1
[08] , 368 s. =(s. 359-68 opag.)=; [2] pl.	12	  1
[06] , 442 s.	448	  1
[04] , 342, 342 s.	346	  1
84, [02] , 350 s.	352	  1
108 s., s. 113-192.	192	  1
[9], 2-216 s., 2 planschblad	224	  1
16 s.; [02] s. =(subskriptionsblankett).=	16	  1
32 s.; [1] ins.	32	  1
(12) 1-36 s.	36	  1
[08] , 228 s.	236	  1
[02] , 194 s.	196	  1
[02], 252 s.	254	  1
[02], 128 s.	130	  1
[7], s. 2-10, [2] s.	18	  1
[04] , 128 s. =(s. 127/28 blank)=.	4	  1
[08] , 32 s. =(s. 10-32 opag.).=	8	  1
80 s. =(s. 69-80 opag.)=; [ii16] s. =(innehållsförteckn. till 1-16)=, [1] pl.	18	  1
[4]s.	4	  1
[12] , ii155 s., s. i-v & omsl.	17	  1
[08] , 216 s. =(s. 214-16 opag.).=	8	  1
[20] , 262 s.	282	  1
[4], 8 s.	12	  1
[8], 123, [2] bl.	135	  1
72 s., s. ii3-66.	72	  1
(1) 2-96 s.	96	  1
14, 184 s.; [2] pl.-bl.	184	  1
[02] , ii70, iii40 s. =(s. iii30-40 opag.).=	2	  1
[04] , ii174, iii84 s. =(s. iii70-84 opag., 83 rättelser)=.	4	  1
36 s.; klistr. titelbladsvinj.	36	  1
=Serietitelbl.:= [04] s. & omsl. [02] , 436 s.	438	  1
[02], 168 s. =(s. 167 opag. rättelser)=	2	  1
[02] , 60 s.	62	  1
[3], 4-71, 1 bl. s.	71	  1
[26] , 282 s. =(s. 281-82 opag.)=.	26	  1
62 s.	62	  1
72 s.; [1] pl. =(noter)=.	72	  1
[112] s.	112	  1
[12], 60 s. =(s. 57-60 opag.)=	12	  1
(3) 4-448; (3) 4-171 (1); (3) 4-172; (3) 4-14; (3) 4-28; (3) 4-36; (3) 4-16; (3) 4-135 (1); (3) 4-44 (12) s.	714	  1
79 s.	79	  1
[02] , 656 s.	658	  1
[08], ii414 s.	8	  1
[4], xii, 402 s., [2] vikta kartor, [4] vikta pl.-bl.	418	  1
38 s.; [ii02] s.; [11] pl.	60	  1
[08] , 416 s.	424	  1
[04] , ii432, iii344 s. =(s. ii431-32 opag.).=	4	  1
(16) bl. B4.	32	  1
[04] , 284 s.	288	  1
38, [2] s	40	  1
[116] s.	116	  1
[04], ii24, iii264 s.	4	  1
[04] , 120 s.	124	  1
[9] s., s. 2-20 ; 4:o	28	  1
[26] , 84 s. =(s. 83-84 opag.)=	26	  1
[36], 479 [1], 424 [10] s.	36	  1
[16] , 144, 150 s.	166	  1
[6], 104 s.	110	  1
[02] , 20 s.	22	  1
107, [5] s.	112	  1
[02] , 74 s. & omsl.	76	  1
(16) 1-300 s.	300	  1
[32] s.; [04] s. =(reg.).=	32	  1
134, ii124, [iii02] , iv62 s. =(s. 133-34, ii123-24, 61-62 opag., 59-60 felpag. '47'-'48')=; [1] ins., [1] pl.	136	  1
22 s.; pl.titelbl.	24	  1
[10], 326 s. =(s. 318-26 opag.)=; x pl.	30	  1
[02] s.; [02] s. =(subskriptionsblakett.)=.	2	  1
[02] , 96 s.	98	  1
(6) 1-192 s.	192	  1
[04] , 96 s. =(s. 89-96 opag.)=.	4	  1
[2], 3-35, [11] s.	46	  1
[14] , 244 s. =(s. 243-44 opag.)=.	14	  1
[2], 18 s.	20	  1
[3] s., s. 297-437	144	  1
[02] s., s. 191-260 =(s. 257-60 opag.).=	262	  1
151 s., [3] vikta bl.	151	  1
[16], 536 s.	552	  1
[1], 14 s.	15	  1
[52] s.	52	  1
[4], 16 s.	20	  1
[16], 154 s.; [1] inklistr. vinj., 6 pl.	182	  1
[02], 228 s.	230	  1
[02] , iv, 318 s.; [1] pl.	326	  1
[04] , 144 s.; [1] pl.	150	  1
[02] , xvi, 414 s. =(s. xii-xvi opag. annons)=; [6] pl.	30	  1
[3], 10 s.	13	  1
[04] , 168 s.; [1] rättelsebl., [1] pl.-vik.	172	  1
[06] , 392 s., f. 393-400, s. 401-418 =(s. 411-18 opag.)=.	424	  1
[02] , 90 s.; [12] ins., [1] rättelsebl.	92	  1
[146] , ii112, [iii02] s., s. 113-256, 267-294 =(s. 291-94 opag.)=.	440	  1
[16], 168 s.	184	  1
[92] s.	92	  1
[66] s.	66	  1
(16) bl. + )o(4.	32	  1
[32], 240 s.	272	  1
140 s.	140	  1
72 s.; [1] pl.	74	  1
[04], 104 s.	108	  1
[2] s., s. 25-36	14	  1
[16] , 185 s., s. 184-414 =(s. 386-414 opag.)=.	430	  1
[04] , 36 s.	40	  1
[12], 260 s.	272	  1
84, ii44 s.; [1] pl.	86	  1
[04] , 56 s.	60	  1
[22], 334 [2] s.	22	  1
[12] s. ; 12:o	12	  1
24, 24 s.; [1] ins.	24	  1
(16) bl. + ):(4.	32	  1
32 s.; [1] pl.	34	  1
188 s.	188	  1
[4], 44 s.	48	  1
[02], ii118 s.	2	  1
[02], 206 s.	208	  1
[02] , 24 s.	26	  1
[12] , ii64, iii136, iv656, v400, [vi04] , vii312, viii16 s.	12	  1
[06] , 360, 146 s.; [1] rättelsebl.	366	  1
[02] , iii, 07 s.	12	  1
[10] , viii, 62 s. =(s. 61/62 blank)=.	18	  1
(22) bl.	44	  1
[8]84 s., (s. 83/84 blank)	92	  1
[32] , 122 s.	154	  1
[02] , 44 s. & omsl.	46	  1
88, 20, 30 s.	88	  1
[2], 238 s.	240	  1
(3) 2-260 s.	260	  1
[02] , ii322 s. =(s. 1/2 blank, s. 294-322 opag., s. 317-22 annons).=	324	  1
[2], 15 [1] s.	2	  1
(8) 1-96, (1) 2-109 (eg: 108) (4) s.	96	  1
36 s.; [24] pl.	84	  1
[36] , 168 s. =(s. 167/68 blank)=.	36	  1
54, [22] s.	76	  1
[04] , 112 s. =(s. 111 opag. annons).=	4	  1
[2], 20 s.	22	  1
[02] , 120 s.	122	  1
28 s.; pl. iii-iv.	32	  1
[4], 48, [2] s.	54	  1
96 s., s. 87-226	226	  1
136 s.	136	  1
[02] s., 40 s., [02], 40, 32 s., 44 s.	48	  1
[6], 15 [1] s.	6	  1
376 s.	376	  1
[04] , 648 s. =(s. 635-48 opag.).=	4	  1
[04] , 40 s.	44	  1
[02], 108 s.	110	  1
24, 292 s.	292	  1
(6) 1-143 (17); 1-38 (2) s.	38	  1
[38] s.	38	  1
[12] , 144 s.	156	  1
[34] , 110 s. =(s. 93-110 opag.)=.	34	  1
[22], 247 [1] s., [1] rättelsebl., [1] vikt pl.	22	  1
02, vi s., s. 3-162.	168	  1
(30) 1-210 s.	210	  1
[08] , 178 s.	186	  1
[04], 256 s., s. 251-334 s.; [2] pl.	342	  1
[06], 166 s.	172	  1
46 s., [1] pl.-bl	46	  1
124 s.	124	  1
xvi, 111 s.	127	  1
[08], ii148 s.	8	  1
362 s.; pl.titelbl., [1] pl.	366	  1
[12], 200 s. (s. 189-200 opag.)	12	  1
292 s.	292	  1
[08] , ii128 s. =(s. 7 rättelser).=	8	  1
40 s. =(s. 39/40 blank)=; 2 pl.	4	  1
[02], 506 s.	508	  1
332 s.	332	  1
[06], xiv, 128 s.	148	  1
[02] , 196 s.; [1] rättelsebl., [2] pl.	202	  1
[12] , 264 s.	276	  1
[08] , 204 s. (s. 203-04 opag.); pl.titelbl.	10	  1
xiii [1], 310, [40] s. (s. 206-82 felpag. '106'-'182'), [1] pl. typer.	310	  1
[3], 54-79, [1] s.	30	  1
[02], 230 s.	232	  1
88, [1] s.	89	  1
[02] , 46 s. =(s. 45/46 blank)=.	2	  1
xii, ii636, iii144 s. =(s. 629-36 opag.).=	12	  1
[20] , 464 s.	484	  1
[24], ii512, iii280 s. =(s. iii272-80 opag.)=; [1] pl.	26	  1
s. 49-246, [2]	200	  1
[12], 444 s. =(s. 440-44 opag.)=; xix, [1] pl.-bl.	31	  1
86 s.	86	  1
36 s.; pl.titelbl., 3 pl.	44	  1
[30] , ii298, [iii10] , iv74 s, s. v73-74, s. 75-182 =(s. iv161-182 opag.)=.	212	  1
[80] s.	80	  1
[02] , 170 s.	172	  1
[04] , 160 s.	164	  1
[04] , 92 s. =( s. 90-92 opag.)=; [1] pl.	6	  1
xxii, 24 s.; [3] pl. & omsl.	46	  1
(5) 2-60 s.	60	  1
[04], 60 s.	64	  1
152 s., s. 155-578	578	  1
[02] , 27 f.	2	  1
[08], 192 s., s. 195-414 (s. 391-414 opag.)	422	  1
(28) 1-404 s.	404	  1
[06] , 592 s., s. 603-10 =(608-10 opag, 609 rättelser)=.	614	  1
[12] , 436 s. =(s. 434 felpag. '484', 435-36 opag. annons).=	447	  1
20 s.; [1] pl.	22	  1
[8] s. & omsl.	8	  1
[08], ii288, [iii14] s. =(s. iii11 rättelser, iii13/14 blank)=	8	  1
[04], 290 s. +	294	  1
[02] , 82 s.	84	  1
[02] , 176 s. =(s. 137-76 opag.)=; [6] pl.	14	  1
xii, 460 s. =(s. xi-xii opag.)=.	12	  1
[12], 100 s., xiv pl.-bl.	112	  1
[04] , ii408, iii344 s.	4	  1
[02], 10, [12], 22 s.	36	  1
viii, 88 s.	96	  1
[36], 272, [58] s.	366	  1
[02] , ii83 s., s. 82-156.	77	  1
[12] , 128 s. =(s. 125-28 opag.)=.	12	  1
[08], 444 s. =(s. 435-44 opag.)=	8	  1
[02] , ii380, [iii02] , 322 s. =(s. ii369-80, iv321-22 opag.).=	324	  1
166 s. & omsl., klistr. prisremsa	166	  1
1 kopparst., (49) 2-703 (1) s., 3 tab. ; 1-152 s.	158	  1
(8) 1-134 s.	134	  1
[16] , 148 s.	164	  1
[02] , vi, 344 s. =(s. 342-44 opag.)=.	8	  1
[06] , 42 s.	48	  1
82 s.	82	  1
[04] , 60 s. =(s. 59/60 blank)=.	4	  1
[06] , 176 s.	182	  1
[40], 390 s. =(s. 383-90 opag., 389-90 rättelser)=.	429	  1
S. 321-350	30	  1
8, cxx, 360 s., (s. 360 blank)	480	  1
[08] , 328 s. =(s. 327/28 blank, s. 326 felpag. '327')=.	8	  1
S. 9-16 =(s. 15-16 annons).=	16	  1
[02] , 280 s.	282	  1
[16] , 136 s.	152	  1
15 s.	15	  1
[6], 122 s.	128	  1
[49] , 95 s.	144	  1
[06], 210 s.	216	  1
365 s.	365	  1
[12] , 242 s.	254	  1
[16] , 224 s. =(s. 203-22 opag., 223/24 blank)=.	16	  1
[24], 380, [10] s.	414	  1
624 s.	624	  1
(4) s.	4	  1
72, xxxi, 13 s.	103	  1
[32], 120 s.	152	  1
[08] , 216 s. =(s. 212-16 opag. annons).=	8	  1
[4], [1] 2-29, [3] s.	36	  1
[8], 67, [1] s.	76	  1
103 s.	103	  1
[72] s.	72	  1
[04] , 120 s. =(s. 11-20 opag.).=	4	  1
[16] , 104 s.; [1] pl.	122	  1
06 s.	6	  1
[4] , 112 s.	116	  1
[08] , 16 s.	24	  1
[02], 82 s.	84	  1
[04] , ii388, iii336 s.	4	  1
52 s.	52	  1
[10] , 68 s.; [1] pl.	80	  1
)(12.	12	  1
107 s.	107	  1
[04] , ii356, iii336 s. =(s. 1/2 blank).=	4	  1
[04] , 164 s.	168	  1
120 s.; [1] rättelsebl. & omsl.	120	  1
72 s.; [1] ins.	72	  1
[2], 512 [2] s.	2	  1
[20] s., (s. 19/20 blank)	20	  1
[16] , ii424, [iii02] s., s. 425-802.	394	  1
[02] , 360 s. =(s. 360 felpag. '260')=.	2	  1
[24] , 132 s.	156	  1
[08] s.; [1] pl.	10	  1
[2], 27 [1] s.	2	  1
214 s.	214	  1
[8], 88 s.	96	  1
[02], 126 s.; xii pl.	152	  1
[2], 46 s. (s. 48 blank)	2	  1
[02], 262 s. =(s. 261-62 opag. annons)=; [3] pl.-bl.	2	  1
[16] s., [1] ins.	16	  1
D. 1-2	2	  1
[10], 280 s.; [1] rättelsebl.	290	  1
xx, [2], 482, 54, [36] s.	540	  1
[02] , 388 s.	390	  1
[02] , 76 s. & omsl.	78	  1
1 bl. 2 sp.	4	  1
[4], 286 s.	290	  1
[60] s., [4] ins.	60	  1
25 [1] s. (s. 1-3 opag.)	25	  1
[12], 811 [9]; [2], 50 s.	64	  1
[16] bl. A8.	32	  1
[30] , 108 s. =(s. 89-108 opag.)=.	30	  1
[04], 651 s.	655	  1
[8], 1-21, 23-24, 24, 29, 26-32, 32-36, 36-37, 39 s. (Felpag.)	45	  1
[8], 1-88 s.	96	  1
[04] , ii24 s. =(s. 23/24 blank).=	4	  1
[76] s.	76	  1
[02] , 162 s.	164	  1
[08] , 320 s.	328	  1
xvi, 248, [2] s., portr.	270	  1
[8] s., s. 2-128, [18] s.	153	  1
[02] , vi s., s. 7-120.	122	  1
104 s.; [2] ins.	104	  1
[04] s., s. 617-1176; pl.-bl. 16-43	594	  1
[4], 36 s.	40	  1
[14], [1] 2-234 [2] s.	250	  1
20, 8 s.	20	  1
[16], 464 s. =(s. 449-64 opag., 463-64 annons)=	479	  1
[4] s., s. 5-55, [1] vikt pl.-bl.	55	  1
[04], 312 s.	316	  1
[02] , 90 s.	92	  1
[08] , 100 s. =(s. 99 opag. rättelser).=	8	  1
[02] , 110 s. =(s. 77-110 opag.)=.	2	  1
[16] , 240 s.; ii pl.	260	  1
[04] , ii684 s. =(s. 1/2 blank)=.	4	  1
66 s.	66	  1
36 s.; 10 pl.	56	  1
[4] s., [4] ins. (formulär N:o 1-2)	8	  1
[08] , xiv, 354 s. =(s. 347-54 opag.)=; xiii pl., pl. xiv a-b, [06] s. =(prenumerantförteckn.)=.	24	  1
=Serietitelbl.:= [02] s. [04] , 262 s.; [8] pl. & omsl.	262	  1
[8], 110 s.	118	  1
(53) 2-210, 1-620 s.; (4) 1-553 (147) s.	620	  1
[06] , ii130, [iii02] , x s., s. 133-448.	332	  1
148 s.; [1] rättelsebl.	148	  1
162 s.	162	  1
xxxviii, 100, ii98 s. =(s. ii96-98 opag.).=	138	  1
[2], 30 s.	32	  1
[10], 330 s.	340	  1
[08] , 16 s.; xix pl.	62	  1
[08] , ii592 s. =(s. 3-5 annons)=.	8	  1
[06] , 42 s. =(s. 31-42 opag.)=.	6	  1
(16) s.	16	  1
08 s.; [1] pl. & omsl.	8	  1
[02] , 72 s. & omsl.	74	  1
[08] , ii32 s.	8	  1
[02] , 520 s. =(s. 515-20 opag.).=	2	  1
[04] , 46 s., s. 49- 56; [1] pl.	62	  1
[04], 168 s.	172	  1
[2], 48, [20] s.	70	  1
[16], 576 s. (s. 537-76 opag.)	16	  1
(5) 2-306 s.	306	  1
[08], 408 s.	416	  1
[7] s., s. 2-22	28	  1
[04], 72 s. & omsl.	76	  1
xvi, [8], 400 s., [1] vikt karta, [4] pl.-bl.	424	  1
[2], 10 s.	12	  1
[04], 56 s. & omsl.	60	  1
xvi, 88 s. =(s. xv-xvi opag.).=	16	  1
[3], 4-60 s.	60	  1
64 s.; klistr. titelbladsvinj.	64	  1
[04] s., s. 257-344 =(s. 334-44 opag.)=; pl. vii-viii	352	  1
viii, 100 s. =(s. 99 opag. rättelser)=.	8	  1
(2) bl.	4	  1
[06], 170 s.	176	  1
S. 349-357	9	  1
[04] , 116 s.	120	  1
[02] , 232 s.; [8] ins.	234	  1
[08] , 320 s. =(s. 317-20 opag.)=; [1] ins.	8	  1
=Gemensamt titelbl.:= [02] s. [02] , xvi, 46, 100 s. [16] , 112 s. 74 s.	62	  1
[08], 112 s.	120	  1
[26] , cccxxxvii s. (sista s. blank)	26	  1
xxx, 66 s. =(s. xxviii-xxx, 64-66 opag., 66 rättelser).=	132	  1
(15) bl. + B8.	30	  1
S. 527-1216; pl. viii	700	  1
70 s.	70	  1
[60] s.	60	  1
(13) 2-370 s.	370	  1
[06] , ii56, iii28 s.	6	  1
[2], 14 s. (s. 14 blank)	2	  1
12, ii12 s.	12	  1
xxiv, 144 s. =(s. 141-44 opag.).=	24	  1
[02] , 658 s.	660	  1
166 s. & omsl.	166	  1
[02] , 86 s. =(s. 53-86 opag.)=.	2	  1
viii, 225, [1] s., [1] vikt pl.-bl., 1 vikt karta	234	  1
[04] , 608 s. =(s. 597-608 opag.)=.	4	  1
16 s.; klistrad titelbladsvinj.	16	  1
[04] , 27[1] s.	4	  1
[08], 80 s.	88	  1
[16], 96 s. =(s. 94-96 opag.)=.	16	  1
=Serietitelbl.:= [04] s. & omsl. [02] , 600 s.	602	  1
[8], 18 s.	26	  1
[08] , ii464 s. =(s. 7 rättelser, s. 458-64 opag.)=	466	  1
[04] , 52 s.	56	  1
28 s.; [1] ins.	28	  1
[04], xvi, 200 s. =(s. xiv-xvi opag.)= & omsl.	20	  1
[08] , 206 s.	214	  1
08 s	8	  1
192, ii52 s. =(s. ii51- 52 opag., 52 rättelser)=.	192	  1
1028 s.	1028	  1
[08], 162 s.	170	  1
[16] , 424 s. =(s. 419-24 opag., 423-24 rättelser).=	439	  1
[02] , ii54, iii50 s.; [1] pl. & omsl.	2	  1
156 s.; pl.titelbl.	158	  1
[08] , 112 s.	120	  1
[16], ii536, iii08 s. (s. iii1-8 annons)	16	  1
[8], 72, [14] s.	94	  1
176 s., s. 178-193.	193	  1
[4] s., s. 49-60	16	  1
[04] , 56 s., s. 49-52 =(s. 51 felpag. '52').=	60	  1
[02] , 184 s.	186	  1
[06] , ii138, iii1200, [iv04] , v356 s. (s. v354-56 opag.).	6	  1
[04] , 188 s.	192	  1
[08] , ii108, [iii02] s., s. ii109-638 =(s. 7 rättelser)=.	8	  1
[04] , ii68 s. & omsl.	4	  1
[26] , 72 s.	98	  1
[02] , 62 s.	64	  1
[16], 544 s.	560	  1
[6], 48, [6] s.	60	  1
[16], 240 s. =(s. 236-40 opag.)=	16	  1
[28] , 180 s.	208	  1
110 s., [2] pl.-bl.	110	  1
[8], s. 401-848	456	  1
[06], 302 s. =(s. 301-02 opag.)=; xiv pl.	34	  1
[3], 2-125, [1] s.	128	  1
[02] , 44 s.	46	  1
[04], 186 s. =(s. 181-86 opag.)=.	4	  1
[22] s.; [1] ins., [6] pl.-bl.	22	  1
[30] , 174 s.	204	  1
[2], 102 s.	104	  1
[04], 38 s.	42	  1
[02] , 140 s.	142	  1
[4], 23, [1] s.	28	  1
68 s.; [1] rättelsebl.	68	  1
[4], 146 (eg. 148), [20] s., [10] vikta pl.-bl.	24	  1
40, 08 s.	40	  1
(3) 4-630 (126) s., 1 karta.	2	  1
[6], 12 s.	18	  1
xvi, 328, [ii02] s., s. 329-380.	396	  1
[06] , 418 s. =(s. 409-18 opag.)=.	6	  1
[24] s. (A4-C4)	24	  1
[24] , 204, 260 s.	284	  1
[08] , 216 s. (s. 214-16 opag.)	8	  1
[08] , 64 s.	72	  1
[04] , 342 s.	346	  1
viii, 50 s.; [1] pl.	60	  1
[4], 19 s.	23	  1
(8) s. A8-D8.	8	  1
[18] , ii1112, iii268, iv148 s. =(s. iv121-48 opag.).=	18	  1
64 s. & omsl.	64	  1
[2] , 66 s. & omsl.	68	  1
[08] , ii136 s. =(s. 7 rättelser)=.	8	  1
[04] , 652 s.	656	  1
[20], 188 s.	208	  1
[10], 550 s. = (s. 545-50 opag.)	10	  1
[02] s., s. 223-264	44	  1
126 s.	126	  1
[08] , 16 s. =(s. 15/16 blank).=	8	  1
[06], 114 s.	120	  1
[04] , 54, [20], s.	78	  1
[16] , 96 s. (s. 92-96 opag.) ; [1] pl.	18	  1
[02] , xiv, 164 s. =(s. 159-64 opag.).=	16	  1
[02], 124 s.	126	  1
20, 532 s.	532	  1
[10]86[16] s.	112	  1
[02] s., s. 5-102.	100	  1
[02] , 66 s.	68	  1
[02] , lxxvi, 258 s. =(s. lxxv-lxxvi opag.).=	78	  1
[2], 291 s.	293	  1
[04] , 112 s.	116	  1
166, [2] s.	168	  1
[4] , 96 s. (=s. 95 opag. 'ärinran'=).	4	  1
52 s. & omsl.	52	  1
160 s.; [5] ins.	160	  1
[06] , 102 s.	108	  1
[32], 908, [98] s.	1038	  1
[02] , 40 s.	42	  1
[04] s. =(s. 3-4 annons).=	4	  1
[02] , 208 s.	210	  1
[06], 152 s. =(s. 151/152 blank)=; ix pl.	24	  1
[8] s., [1] ins.	8	  1
[04] , 56 s.; [1] pl.	62	  1
66 s.; [1] rättelsebl.	66	  1
[02] , xlviii, 172 s. & omsl.	222	  1
[04], 100 s.	104	  1
[04], 76 s. (s. 76 blank)	4	  1
17 s., s. 20, s. 19-255	255	  1
[22], 376, [48] s.	446	  1
[22], 1424 s. =(s. 1385-1424 opag.)=; [1] pl.	24	  1
[02] s., s. 169-270; iii pl.-bl., [9] ins.	104	  1
[02], 48 s.	50	  1
[02] , 36 s. =(s. 31-36 opag.)=.	2	  1
84 s.; [1] ins.	84	  1
1-95 (1) s.	95	  1
[02] , iv, 120 s.; [1] rättelsebl.	126	  1
[12] s., s. 40-89, [1] s., [1] vikt pl.-bl. ; 4:o	63	  1
[128] s.	128	  1
[3] s., s. 2-17	19	  1
[02] , ii678, iii480 s. =(s. 664-78, iii479-80 opag.)=.	666	  1
